年,月,總指數,食物類,穀類及其製品,米類及其製品, 米,速食麵,麵條,麵包,蛋糕,麵粉,肉類,豬肉,牛肉,雞肉,蛋類,水產品,蔬菜,根菜,莖菜,葉菜,調味品,酒,米酒,外食費,成衣,居住類,房租,住宅維修費,家具,住宅管理費,燃氣,水費,電費,交通工具,汽車,機車,自行車,油料費,交通運輸費,醫療費用,藥品及保健食品,教養費用,娛樂費用
1982 ,1,5.03,6.33,2.57,1.88,,,,,,,1.85,,,,-10.43,8.99,14.04,10.75,20.38,13.5,1.81,0,,10.23,2.54,4.54,3.99,4.11,0.45,,4.1,32.75,9.34,-2.16,,,,6.43,5.75,3.03,1.53,10.46,1.71
1982 ,2,2.95,2.93,-0.44,-1.69,,,,,,,-4.74,,,,-14.02,4.43,7.43,-3.26,13.17,4.82,2.98,0,,9.18,2.44,3.77,3.97,2.81,0.51,,1.65,32.75,3.95,-2.16,,,,1.84,2.22,2.31,1.57,9.57,1.57
1982 ,3,2.76,3.53,5.7,5.9,,,,,,,-2.45,,,,-4.79,3.52,-4.73,-10.16,10.42,-5.83,3.39,0,,7.27,2.13,2.81,3.18,2.07,1.54,,0.01,32.75,0,-2.16,,,,-0.32,1.51,1.29,1.62,8.16,1.43
1982 ,4,2.63,3.31,13.14,14.97,,,,,,,-2.2,,,,-15.16,4.44,-16.34,-33.65,7.21,-22.3,3.61,0,,5.85,1.83,2.65,2.95,1.98,1.54,,0.01,32.75,0,-2.22,,,,-0.32,0.5,1.29,1.54,8.12,1.16
1982 ,5,3.65,6.03,18.22,21.33,,,,,,,4.04,,,,-19.53,3.71,-3.34,-19.76,13.28,-10.06,3.62,0,,5.35,2.05,2.44,2.67,1.69,1.25,,0,32.75,0,-2.24,,,,-0.18,0.17,1.28,1.55,8.19,1.68
1982 ,6,2.88,4.19,18.4,21.75,,,,,,,4.77,,,,-18.8,3.03,-20.15,-15.63,6.29,-30.94,3.3,0,,5.52,1.98,2.37,2.6,0.97,0.81,,0,32.75,0,-2.27,,,,-0.02,0.39,1.36,1.57,8.19,1.76
1982 ,7,2.43,3.13,13.86,16.06,,,,,,,4.9,,,,-21.81,2.29,-16.57,-21.76,-1.05,-17.05,4.13,0,,5.01,1.77,2.31,2.45,1.14,0.76,,0,32.75,0,-2.27,,,,-0.02,0.81,0.2,1.24,8.19,1.65
1982 ,8,4.5,8.41,10.98,12.55,,,,,,,7.49,,,,2.22,4.84,15.56,-16.85,10.7,21.73,5.41,0,,3.63,1.61,1.99,2.01,0.06,0.7,,0,32.75,0,-2.28,,,,-0.02,0.99,0.2,1.17,8.05,1.71
1982 ,9,2.31,3.29,9.95,11.3,,,,,,,5.65,,,,-22.03,2.62,-16.75,-12.88,-5.27,-21.24,4.1,0,,2,1.31,1.85,1.7,0.37,0.69,,-0.03,32.75,0,-2.28,,,,-0.02,1.08,0.15,1.12,5.11,1.53
1982 ,10,2.05,2.8,7.89,8.95,,,,,,,7.32,,,,-23.21,3.23,-21.14,-30.25,-5.35,-27.33,2.95,0,,1.63,0.99,1.99,1.96,0.2,0.69,,-0.03,32.75,0,-0.89,,,,-0.02,1.08,0.05,1.06,5,1.51
1982 ,11,1.91,2.39,5.82,6.69,,,,,,,5.93,,,,-17.18,2.25,-16.33,-27.11,-8.34,-20.47,4.23,0,,1.5,0.92,1.95,1.93,0.2,0.81,,-0.03,32.75,0,-0.59,,,,-0.02,1.08,0.05,1.16,4.91,1.51
1982 ,12,2.43,3.47,2.82,3.02,,,,,,,5.95,,,,-8.72,4.66,-1.74,-13.87,-3.23,0.31,3.3,0,,1.45,0.66,2.26,2.46,0.2,0.97,,-0.03,32.75,0,0.86,,,,0,1.26,0.05,0.71,4.88,1.45
1983 ,1,1.81,2.33,1.3,1.12,,,,,,,3.64,,,,-2.88,1.87,1.83,-5.38,-0.12,5.63,2.71,-0.08,,1.06,0.41,2.31,3.48,0.17,0.99,,-0.03,0,0,0.98,,,,0,0.43,0.05,0.23,5.34,1.2
1983 ,2,3.15,4.7,0.08,-0.43,,,,,,,3.83,,,,0.05,5.44,33.07,17.41,8.33,47.96,2.19,-0.08,,0.55,0.42,2.61,3.88,0.9,0.94,,-0.03,0,0,1.16,,,,0,2.21,0.05,-0.23,5.25,1.25
1983 ,3,3.31,5.55,-7.58,-9.66,,,,,,,4.35,,,,-10.91,4.48,67.53,25.06,17.12,93.19,1.37,-0.08,,0.47,0.56,2.35,3.95,0.9,0.25,,-1.65,0,-1.43,1.16,,,,-2.49,2.09,0.05,-0.34,5.45,1.31
1983 ,4,3.49,6.57,-7.99,-10.08,,,,,,,4.61,,,,-3.14,3.11,70.95,45.02,30.06,90.66,0.96,-0.08,,0.53,0.42,1.94,3.9,0.9,0.25,,-4.1,0,-3.66,1.16,,,,-6.36,1.59,0.05,-0.34,5.42,1.28
1983 ,5,2.17,3.09,-8.15,-10.25,,,,,,,0.14,,,,-5.95,2.96,23.35,23.32,23.72,7.09,0.91,-0.08,,0.42,-0.02,2.03,4.05,1.1,0.29,,-4.1,0,-3.66,1.16,,,,-6.36,1.55,-0.05,-0.5,5.45,0.76
1983 ,6,2.71,4.47,-8.91,-11.16,,,,,,,-0.82,,,,-4.84,3.89,49.06,29.92,29.26,64.67,0.89,-0.08,,0.21,-0.03,1.98,3.98,1.41,0.29,,-4.1,0,-3.66,1.12,,,,-6.36,1.34,-0.13,-0.67,5.45,0.77
1983 ,7,1.62,1.76,-8.73,-11.02,,,,,,,-1.13,,,,-3.83,2.09,23.94,37.23,27.28,16.89,0.76,-0.08,,0.21,0.11,2.04,4.03,1.94,0.34,,-4.1,0,-3.66,1.06,,,,-6.36,0.78,-0.13,-0.48,5.54,0.57
1983 ,8,-1.41,-5.41,-7.49,-9.54,,,,,,,-3.86,,,,-20.91,0.14,-23.73,0.03,4.05,-38.01,0.75,-0.08,,0.21,0.11,2.02,3.97,2.43,0.39,,-4.1,0,-3.66,0.6,,,,-6.36,0.59,-0.15,-0.29,5.9,0.67
1983 ,9,-0.18,-1.8,-6.86,-8.77,,,,,,,-3.29,,,,3.76,0.79,0.81,-2.91,13.19,-9.59,0.73,-0.08,,0.65,0.37,1.74,3.57,2.17,0.52,,-4.06,0,-3.66,0.56,,,,-6.36,0.49,-0.1,-0.49,2.44,0.82
1983 ,10,0.59,-0.11,-6.95,-8.91,,,,,,,-3.57,,,,13.59,0.18,25.57,37.87,13.42,28.91,0.9,-0.08,,0.8,1.29,1.75,3.58,2.23,0.57,,-4.06,0,-3.66,-0.02,,,,-6.36,0.72,0,0.64,2.3,0.91
1983 ,11,0.56,-0.02,-5.81,-7.53,,,,,,,-5.83,,,,13.42,0.53,36.98,49.25,16.18,45.75,1.05,-0.08,,0.8,1.48,1.39,2.91,2.06,1.16,,-4.06,0,-3.66,-0.02,,,,-6.36,0.72,0,0.8,2.32,0.86
1983 ,12,-1.19,-4.18,-2.52,-3.47,,,,,,,-7.39,,,,3.86,-1.67,-16.62,-7.43,-0.79,-30.74,1.45,-0.08,,0.8,1.48,1.17,2.56,1.94,1.05,,-4.06,0,-3.66,-0.39,,,,-6.36,0.53,0,1.17,2.35,0.84
1984 ,1,-1.15,-3.72,-0.97,-1.45,,,,,,,-8.02,,,,3.18,-3.05,-10.83,-6.31,-3.91,-21.77,1.75,0,,1.07,1.53,0.61,1.59,2.39,1,,-4.06,0,-3.66,-0.38,,,,-6.36,0.22,0,1.34,2.32,0.84
1984 ,2,-1.14,-3.67,3.58,4.25,,,,,,,-7.64,,,,7.28,-5.72,-17.49,-11.43,-6.44,-29.43,1.79,0,,1.33,1.27,0.36,1.26,1.76,1,,-4.06,0,-3.66,-0.56,,,,-6.36,1.25,0,1.67,2.32,0.92
1984 ,3,-1.29,-4.19,9.62,11.68,,,,,,,-6.95,,,,15.7,-5.14,-32.26,-11.67,-13.92,-48.28,1.84,0,,2.09,1.76,0.58,1.2,2.23,0.98,,-2.49,0,-2.26,-0.57,,,,-3.97,0.12,0,1.71,2.37,0.77
1984 ,4,-1.53,-5.33,6.42,7.67,,,,,,,-6.17,,,,11.18,-3.71,-32.07,-21.62,-23.52,-39.82,2.08,0,,2.02,2.05,0.99,1.21,2.4,1.34,,0,0,0,-0.69,,,,0,3.13,0,1.64,2.37,0.77
1984 ,5,0.35,-1.03,7.91,9.39,,,,,,,-4.05,,,,27.41,-1.93,3.66,-13.8,-9.96,26.09,1.88,0,,2.02,2.26,1,1.1,2.79,1.71,,0,0,0,-0.65,,,,0,7.51,0,1.81,2.35,0.7
1984 ,6,-0.47,-3.12,8.34,9.87,,,,,,,-4.32,,,,16.73,-1.24,-19.3,-18.73,-13.91,-20.79,1.99,0,,2.02,2.4,1.03,1.1,2.87,1.75,,0,0,0,-0.57,,,,0,7.38,0.25,1.64,2.37,0.55
1984 ,7,0.39,-1.77,7.03,8.16,,,,,,,-3.56,,,,29.8,-0.83,-14.66,-24.49,-11.87,-16.02,1.86,0,,2.11,2.54,0.99,1.1,2.01,1.77,,0,0,0,-0.52,,,,0,7.82,8.52,1.76,2.4,0.7
1984 ,8,0.81,-0.64,5.86,6.71,,,,,,,-4.51,,,,24.19,-2.07,-5.36,-13.96,-11.08,1.2,1.69,0,,2.34,2.57,0.88,0.93,1.96,1.73,,0,0,0,-0.88,,,,0,7.82,8.93,0.96,2.36,0.55
1984 ,9,0.84,-1.04,5.45,6.19,,,,,,,-5.44,,,,7.29,-4.14,-0.67,-6.81,-13.72,7.9,1.51,0,,2.45,2.57,0.82,0.8,2.37,1.59,,0,0,0,-0.98,,,,0,7.88,9.03,0.84,5.6,0.94
1984 ,10,0.47,-1.91,6.18,7.12,,,,,,,-7.3,,,,11.74,-5.89,-17.34,-26.18,-14.77,-17.98,1.11,0,,2.38,2.09,0.68,0.53,2.51,2.35,,0,0,0,-0.18,,,,0,7.78,9.03,-0.68,6.46,0.96
1984 ,11,0.74,-1.27,7.63,8.97,,,,,,,-6.39,,,,3.37,-4.7,-21.59,-30.8,-15.26,-23.6,0.7,0,,2.63,2.14,0.7,0.58,2.68,1.63,,0,0,0,0.19,,,,0,7.78,9.05,-0.82,6.43,0.89
1984 ,12,1.65,1.06,6.22,7.16,,,,,,,-10.47,,,,0.73,-4.18,16.03,7.39,-1.31,34.86,-0.19,0,,2.68,2.15,0.74,0.59,2.93,1.63,,0,0,0,0.46,,,,0,7.72,9.05,-1.17,6.43,0
1985 ,1,1.63,0.96,5.88,6.69,,,,,,,-11.16,,,,1.26,-2.28,15.95,8.99,4.13,28.98,-0.46,0,,2.4,1.97,0.94,0.91,2.64,1.75,,0,0,0,0.46,,,,0,7.51,9.26,-1.64,6.43,-0.17
1985 ,2,1.41,0.8,1.73,1.54,,,,,,,-8.58,,,,3.97,-0.88,10.89,7.36,6.53,25.08,-0.42,-0.15,,2.14,1.96,0.82,0.73,2.44,1.49,,0,0,0,0.46,,,,0,6.91,9.49,-2.47,6.48,-0.7
1985 ,3,1.18,0.32,-4.17,-5.58,,,,,,,-6.79,,,,-11.63,2.86,13.91,1.17,9.68,36.94,-0.58,-0.15,,1.4,0.27,0.8,0.76,1.83,1.54,,0,0,0,0.4,,,,0,7.15,9.74,-2.88,6.57,-0.76
1985 ,4,0.51,-1.18,-6.52,-8.41,,,,,,,-7.16,,,,-2.41,2.7,-3.06,-4.8,5.15,-4.41,-0.89,-0.15,,1.4,-0.56,0.76,0.76,1.53,0.83,,0,0,0,0.45,,,,0,4.5,9.74,-3.15,6.54,-0.84
1985 ,5,-1.02,-4.22,-9.59,-12.05,,,,,,,-10.32,,,,-16.46,1.75,-22.14,-12.86,-7.31,-34.48,-0.98,-0.15,,1.73,-0.29,0.1,0.81,1,-0.07,,-8.93,0,0,0.41,,,,0,0.28,9.74,-3.27,6.54,-0.62
1985 ,6,-1.08,-4.39,-9.18,-11.57,,,,,,,-14.18,,,,-6.97,0.79,-9.26,-12.57,-4.31,-14.91,-0.76,-0.15,,1.8,-0.58,0.13,0.93,0.78,-0.63,,-8.93,0,0,0.38,,,,0,0.4,10.57,-3.42,6.51,-0.39
1985 ,7,-0.72,-2.81,-7.01,-8.88,,,,,,,-17.64,,,,-16.56,0,13.47,-0.44,-1.83,13.83,-0.81,-0.15,,1.71,-0.94,0.1,0.96,0.87,-0.77,,-8.93,0,0,0.35,,,,0,0.11,3.32,-3.98,6.42,-0.52
1985 ,8,-1.52,-4.51,-5.94,-7.6,,,,,,,-17.69,,,,-21.33,0.66,0.43,0.15,-4.94,-0.61,0.12,-0.15,,1.48,-2.86,0.04,0.89,0.81,-0.79,,-8.93,0,0,1.17,,,,0,0.11,2.93,-3.46,6.32,-0.57
1985 ,9,-0.22,-1.34,-5.29,-6.75,,,,,,,-16.44,,,,-9.19,3.54,23.96,26.29,6.65,32.14,0.28,-0.15,,1.12,-3.38,-0.03,0.89,0.32,-1.03,,-8.93,0,0,1.32,,,,0,0.06,2.84,-3.99,7.43,-0.93
1985 ,10,0.08,-0.68,-5.88,-7.53,,,,,,,-14.8,,,,-15.44,5.28,42.69,44.62,16.5,57.1,0.43,-0.15,,1.41,-1.68,-0.04,0.95,0.11,-1.84,,-8.93,0,0,0.49,,,,0,-0.08,2.84,-3.82,7.05,-1.12
1985 ,11,-0.76,-2.89,-5.46,-6.98,,,,,,,-12.98,,,,-17.82,1.89,26.39,22.15,20,28.94,0.46,-0.15,,1.22,-1.24,-0.07,0.9,0,-1.77,,-8.93,0,0,0.04,,,,0,-0.08,2.81,-3.54,7.11,-0.93
1985 ,12,-1.3,-4.36,-5.98,-7.55,,,,,,,-7.99,,,,-13.9,0.15,-1.53,-7,4.45,-6.86,0.63,-0.15,,1.18,-1.53,-0.15,0.85,-0.19,-1.77,,-8.93,0,0,-0.23,,,,0,-0.02,2.81,-3.83,7.08,-0.06
1986 ,1,-0.42,-3.11,-6.83,-8.11,,,,,,,-6.69,,,,-14.47,0.99,4.43,-7.15,7.29,1.64,0.86,-0.03,,1.22,0.35,-0.32,0.48,-0.46,-1.93,,-9.05,0,-0.28,0.96,,,,2.26,0.51,2.55,-2.16,6.79,0.74
1986 ,2,-0.94,-3.94,-6.65,-7.95,,,,,,,-6.73,,,,-15.22,1.35,-2.96,-13.28,3.4,-10.5,1.45,0.12,,1.22,-2.49,-0.09,0.87,-0.4,-1.67,,-9.05,0,-0.28,0.99,,,,-0.88,0.93,2.34,-1.85,6.81,1.56
1986 ,3,-1,-3.31,-6.52,-7.81,,,,,,,-6.09,,,,-5.27,-1.65,1.26,-9.77,3.19,-10.65,1.49,-0.17,,1.2,-3.83,-0.22,0.93,-0.4,-1.79,,-11.62,0,-0.28,1.1,,,,-10.69,1.47,2.1,1.84,6.61,1.4
1986 ,4,-0.27,-1.08,-5.93,-7.27,,,,,,,-4.03,,,,-18.05,-0.35,19.87,-0.65,8.37,20.39,0.03,-0.17,,1.26,-4.66,-0.22,0.9,0.21,-0.77,,-13.26,0,-0.55,2.26,,,,-13.74,1.75,2.1,-0.13,6.71,2.18
1986 ,5,0.19,1.11,-3.48,-4.12,,,,,,,9.28,,,,-4.98,-1.97,19.04,10.59,12.15,31.11,-0.37,-0.17,,0.81,-5.35,-0.34,0.93,0.21,-0.35,,-9.06,0,-5.17,2.43,,,,-24.4,0.74,2.1,0.04,6.71,1.79
1986 ,6,0.59,2.25,-2.18,-2.9,,,,,,,13.29,,,,-10.89,-3.13,9.95,7.08,4.61,18.55,-0.45,-0.17,,0.75,-4.99,-0.38,0.77,0.48,0.05,,-9.16,0,-5.17,2.47,,,,-24.4,0.55,1.08,-1.18,6.69,1.54
1986 ,7,0.24,1.48,-1.8,-3.15,,,,,,,16.56,,,,-2.24,-2.39,-5.96,7.47,4.22,-1.37,-0.11,-0.17,,0.75,-5.01,-0.34,0.71,1.02,0,,-9.16,0,-5.17,2.55,,,,-24.4,0.42,-0.05,-1.27,6.76,1.74
1986 ,8,1.24,4.16,-1.88,-3.59,,,,,,,16.86,,,,5.31,2.83,14.63,32.08,16.84,17.74,-0.89,-0.17,,0.75,-4.11,-0.28,0.79,1.34,0.07,,-9.16,0,-5.17,2.55,,,,-24.4,-0.11,-0.05,-1.36,6.72,1.39
1986 ,9,2.11,7.55,-3,-5.48,,,,,,,20.13,,,,21.23,5.76,24.08,17.6,18.8,29.8,-0.82,-0.17,,0.53,-4.36,-0.16,0.79,2.28,0.35,,-9.16,0,-5.17,2.57,,,,-24.4,-0.11,-0.05,-0.92,1.03,0.84
1986 ,10,2,7.3,3.87,5.33,,,,,,,20.51,,,,5.33,4.51,13.9,18.15,13.83,14.75,-0.32,-0.17,,0.12,-4.77,-0.16,0.74,2.55,0.35,,-9.16,0,-5.17,2.63,,,,-24.4,0.08,-0.05,-1.67,0.46,0.97
1986 ,11,2.01,6.97,3.74,5.73,,,,,,,20.47,,,,9.08,5.25,5.36,15.14,5.31,-1.77,-0.26,-0.17,,0.06,-2.32,-0.15,0.77,2.69,0.19,,-9.16,0,-5.17,2.69,,,,-24.4,0.13,-0.05,-2.51,0.46,0.79
1986 ,12,2.61,8.52,1.84,3.11,,,,,,,22.16,,,,17.51,5.86,17.44,35.09,14.4,12.16,-0.23,-0.17,,0.06,-1.84,-0.04,0.83,3.15,0.67,,-9.16,0,-5.17,2.81,,,,-24.4,0.11,-0.05,-2.45,0.46,1.1
1987 ,1,1.39,6.04,2.53,3.79,,,,,,,19.4,,,,4.61,5.07,7.82,13.18,8.72,3.66,-0.65,-0.4,,0.08,-5.59,-0.16,0.79,3.26,0.64,,-9.04,0,-4.91,1.71,,,,-26.07,-0.17,4.48,-5.09,0.73,-0.04
1987 ,2,0.91,4.86,2.83,4.21,,,,,,,14.6,,,,-3.32,2.46,7.93,20.4,9.43,8.1,-1.24,-0.46,,0.64,-5.86,-0.22,0.44,5.11,0.6,,-9.04,0,-4.91,1.67,,,,-23.72,-0.07,4.5,-6.36,0.66,-0.54
1987 ,3,0.14,2.11,2.31,3.25,,,,,,,6.85,,,,-2.24,2.97,-2.38,9.69,9.38,-0.57,-1.14,-0.18,,0.66,-5.63,-0.24,0.37,5.98,0.73,,-6.39,0,-6.92,1.84,,,,-15.35,-0.78,4.57,-10.13,0.56,-0.8
1987 ,4,0.24,1.93,2.14,3.11,,,,,,,3.63,,,,3.38,1.51,10.33,13.46,17.38,19.6,0.14,-0.18,,0.6,-3.89,-0.19,0.43,5.5,0.07,,-4.7,0,-6.66,0.82,,,,-12.36,-1.04,4.62,-8.54,0.44,-1.93
1987 ,5,0.12,-0.07,0,-0.08,,,,,,,-7.53,,,,-3.45,3.87,6.62,13.47,5.66,6.95,0.63,-0.18,,0.72,-1.27,0.45,0.34,5.84,0.26,,-0.35,0,-2.11,0.64,,,,-0.17,-0.04,4.64,-9.09,-0.19,-2.25
1987 ,6,-0.07,-0.43,-1.33,-2.39,,,,,,,-5.64,,,,-8.82,5.98,-1.89,21.2,2.53,-15.37,0.52,-0.18,,0.72,-1.34,0.43,0.37,5.75,0.76,,-0.25,0,-2.11,0.58,,,,-0.27,-0.41,4.64,-8.44,0.44,-3.25
1987 ,7,1.35,3.56,-0.41,-0.88,,,,,,,-3.81,,,,-5.25,6.01,31.3,30.87,7.79,37.36,0.48,-0.18,,0.72,-1.44,0.39,0.35,5.02,1.27,,-0.25,0,-2.11,0.64,,,,-0.27,-0.13,4.62,-9.15,0.34,-3.78
1987 ,8,1.61,4.26,-0.24,-0.51,,,,,,,-1.89,,,,-20.95,-0.74,32.13,7.97,5.89,42.41,0.49,-0.18,,0.93,-1.34,0.46,0.29,6.33,1.31,,-0.25,0,-2.11,0.57,,,,-0.27,0.4,4.62,-10.15,0.27,-3.7
1987 ,9,-0.55,-3.11,0.31,0.52,,,,,,,-5.23,,,,-27.3,-0.99,-16.45,-11.9,-8.65,-22.21,0.44,-0.18,,1.81,-1.32,0.58,0.34,7.61,1.31,,-0.25,0,-2.11,0.43,,,,-0.28,0.34,4.62,-10.92,10.79,-3.26
1987 ,10,-1.24,-5.15,-5.13,-8.19,,,,,,,-6.04,,,,-21.96,-1.75,-24.15,-31.94,-12.57,-32.89,-0.08,-0.18,,1.81,-1.99,0.98,0.92,8.23,1.32,,-0.25,0,-2.11,0.31,,,,-0.28,-0.13,4.66,-10.1,11.11,-3.3
1987 ,11,0.43,-1.15,-4.58,-7.22,,,,,,,-8.23,,,,-20.99,2.28,12.25,-0.7,-1.11,22.02,-0.03,-0.18,,1.81,-1.24,1.3,1.47,8.22,1.47,,-0.25,0,-2.11,0.33,,,,-0.31,-0.36,4.71,-8.85,11.18,-3.21
1987 ,12,1.93,2.86,-1.87,-2.89,,,,,,,-8.68,,,,-8.31,1.46,59.57,54.97,14.04,93.62,-0.04,-0.18,,1.81,0.91,1.08,1.4,7.75,1.02,,-2.44,0,-2.11,0.08,,,,-3.7,-0.34,4.84,-8.63,11.2,-3.53
1988 ,1,0.55,0.07,-1.69,-2.51,,,,,,,-7.27,,,,-17.46,0.59,32.13,56.72,8.89,45.69,0.04,-0.38,,1.79,3.8,0.3,1.47,8.03,1.14,,-7.83,0,-7.84,-0.23,,,,-10.38,-0.45,0.37,-7.58,11.18,-3.06
1988 ,2,0.35,-0.77,-2.1,-3.1,,,,,,,-6.18,,,,-18.3,6.89,13.67,21.26,3.86,11.06,0.12,-0.13,,1.24,3.96,0.21,1.48,6.84,0.99,,-7.94,0,-7.84,-0.38,,,,-10.38,-1.07,0.35,-6.69,11.15,-3.3
1988 ,3,0.57,-0.23,-1.51,-2.06,,,,,,,-4.3,,,,-14.12,6.35,5.57,12.56,3.13,-2.51,-0.07,-0.43,,1.5,3.35,0.41,1.45,7.98,0.76,,-7.94,0,-5.85,-1.05,,,,-10.38,0.71,0.28,-6.08,11.36,-3.21
1988 ,4,0.35,-0.98,-1.35,-2.08,,,,,,,-4.99,,,,-7.47,7.9,-5.95,5.3,2.82,-21.98,0.1,-0.43,,1.5,2.9,0.43,1.43,9.25,0.95,,-7.86,0,-5.85,-1.54,,,,-10.38,0.15,0.74,-5.75,11.51,-3.39
1988 ,5,1.46,1.85,3.8,6.09,,,,,,,-2.91,,,,-12.39,7.97,2.38,14.39,5.58,-7.84,0.19,-0.43,,1.6,1.96,0.64,1.53,10.51,0.86,,-7.71,0,-5.85,-1.57,,,,-10.23,0.15,0.74,-6.01,12.21,-3.16
1988 ,6,2.01,3.28,7.07,11.59,,,,,,,-0.61,,,,1.99,9.27,12.41,12.72,9.53,16,0.38,-0.43,,1.6,2.21,0.71,1.59,11.17,0.51,,-7.71,0,-5.85,-1.55,,,,-10.14,0.28,0.71,-4.85,11.56,-2.14
1988 ,7,0.85,-0.57,5.62,9.22,,,,,,,0.62,,,,-1.8,6.58,-12.37,-15.03,1.52,-17.63,0.38,-0.43,,1.7,3.59,0.86,1.6,12.97,0.23,,-7.71,0,-5.85,-1.63,,,,-17.72,9.33,0.58,-3.87,11.56,-1.74
1988 ,8,1.45,0.97,7.71,12.9,,,,,,,1.89,,,,28.93,7.45,-5.19,-8.12,8.01,-9.59,0.12,-0.43,,3.83,3.16,0.94,1.6,13.47,1.03,,-7.71,0,-5.85,-1.56,,,,-17.72,10.39,0.58,-2.31,11.45,-2.13
1988 ,9,1.41,1.93,9.2,15.11,,,,,,,2.06,,,,12.75,1.89,3.85,6.02,12.5,-4.96,-0.08,-0.43,,3.44,1.33,0.81,1.59,13.08,1.03,,-9.83,0,-5.85,-1.61,,,,-21.23,14.65,0.58,-1.14,5.64,-2.18
1988 ,10,3.06,6.41,8.83,14.3,,,,,,,1.17,,,,34.87,3.59,35.52,45.11,21.2,44.57,0,-0.43,,3.48,3.32,0.5,0.95,14.46,1.2,,-10.69,0,-5.85,-1.62,,,,-22.76,14.93,0.54,-1.19,5.92,-2.34
1988 ,11,2.24,4.16,8.46,13.42,,,,,,,3.25,,,,40.43,0.95,7.18,2.64,12.54,2.54,-0.16,-0.43,,3.48,3.03,0.37,0.62,14.93,1.57,,-10.69,0,-5.85,-1.75,,,,-22.74,16.7,0.5,-1.95,5.81,-2.54
1988 ,12,1.11,0.67,9.33,14.66,,,,,,,4.17,,,,20.87,3.37,-22.86,-43.75,0.42,-35.97,-0.49,-0.43,,3.48,0.79,1.07,0.8,20.6,1.55,,-8.68,0,-5.85,-2.24,,,,-20.02,16.79,0.73,-2.26,5.81,-2.53
1989 ,1,2.77,3.41,10.64,16.59,,,,,,,5.37,,,,44.68,4.96,-15.29,-40.56,5.22,-24.38,-0.65,-0.12,,3.44,-0.09,3.26,2.95,21.01,1.5,,-3.35,0,0,-1.94,,,,-14.05,17.08,1.55,-1.8,5.83,-2.68
1989 ,2,4.08,7.07,12.21,19.09,,,,,,,7.61,,,,57.53,1.41,12.13,-11.15,13.37,20.3,-0.88,-0.3,,3.67,-2.74,2.86,2.93,22,1.69,,-3.23,0,-6.13,-1.76,,,,-14.05,18.99,3.15,-2.41,5.94,-1.98
1989 ,3,4.93,8.87,13.29,19.52,,,,,,,10.9,,,,56.77,2.45,28.9,8.29,15.7,44.62,-0.66,0.02,,4.23,-0.62,2.9,3.08,20.22,1.92,,-3.23,0,-6.13,-1.07,,,,-14.05,17.02,5.37,-1.47,5.73,-1.93
1989 ,4,5.72,10.42,15.09,22.62,,,,,,,16.98,,,,31.41,1.28,29.82,25.11,11.49,47.84,-0.52,0.02,,5.12,0.8,3.24,3.34,20.12,3.92,,-3.23,0,-6.13,-0.64,,,,-14.05,17.98,4.85,-0.73,5.64,-0.58
1989 ,5,5.33,9.13,14.69,21.86,,,,,,,15.12,,,,27.58,1.34,23.14,3.46,8.35,43.71,-0.57,0.02,,7.02,0.27,3.65,3.92,20.73,3.95,,-3.23,0,-6.13,-0.85,,,,-14.05,17.4,4.85,-0.15,5.62,-0.65
1989 ,6,4.41,5.32,7.86,11.17,,,,,,,10.47,,,,19.63,0.57,6.49,-8.83,5.68,11.13,-0.78,0.02,,7.81,0.3,4.74,4.07,23.78,4.06,,-3.23,0,1.98,-0.79,,,,-14.05,17.76,6.44,-0.91,5.66,-0.56
1989 ,7,3.92,4.48,6.17,8.56,,,,,,,7.57,,,,20.37,2.69,2.81,0.39,10.96,-0.45,-0.8,0.02,,9.53,-1.87,5.17,4.38,22.45,4.4,,-3.23,0,6.03,-2.3,,,,-6.14,7.97,7.2,-0.68,5.66,-0.53
1989 ,8,3.33,3.01,3.85,4.46,,,,,,,6.52,,,,14.5,3.04,-4.36,-3.65,-1.13,-8.41,-0.56,0.02,,7.61,-2.17,5.24,4.8,20.65,3.52,,-3.23,0,6.03,-3.2,,,,-6.14,6.49,7.48,-1.33,6.35,0.82
1989 ,9,5.69,8.62,3.68,3.93,,,,,,,6.14,,,,21.4,4.82,37.08,21.1,15.24,58.83,-0.46,0.02,,8.13,-0.37,5.69,5.25,20.82,3.52,,-0.96,0,6.03,-3.33,,,,-1.96,3.17,7.59,-1.05,7.63,0.91
1989 ,10,5.94,9.32,4.32,4.82,,,,,,,5.54,,,,10.27,4.37,40.24,58.66,13.25,49.37,-0.52,0.02,,8.78,1.23,5.31,5.72,19.87,3.34,,0,0,-2.08,-3.26,,,,0,3.25,7.59,-1.22,7.03,0.82
1989 ,11,3.74,3.52,5.7,6.99,,,,,,,2.71,,,,-8.4,3.89,6.21,15.84,9.19,-3.42,-0.31,-0.02,,8.76,2.93,5.09,6,19.35,3.21,,0,0,-6.13,-3.34,,,,0,1.88,7.61,-2.06,7.14,1.05
1989 ,12,3.13,2.05,6.03,7.45,,,,,,,-0.19,,,,-11.65,3.92,-1.63,8.54,3.55,-4.17,-0.41,-0.08,,9.2,1.36,4.98,6.27,15.96,3.26,,0,0,-6.13,-2.71,,,,-0.05,2.07,8.44,-2.18,7.09,0.93
1990 ,1,3.84,3.93,4.62,5.2,,,,,,,0.23,,,,-13.63,4.34,12.9,22.4,11.21,11.67,0.14,-0.8,,9.89,-0.54,4.58,5.48,16.13,3.26,,0,0,-6.13,-2.49,,,,-0.05,1.99,7.95,-2.5,7.11,1.12
1990 ,2,2.8,1.41,3.91,4.01,,,,,,,-1.7,,,,-23.13,2.06,-1.68,5.79,5.79,-4.45,0.34,-0.83,,9.88,0.3,5.03,5.64,14.52,3.26,,0,0,0,-2.79,,,,-0.03,0.38,6.28,-0.66,8.21,2.65
1990 ,3,3.32,2.67,3.09,3.88,,,,,,,-1.37,,,,-21.89,2.9,11.21,12.77,8.37,17.87,0.2,-0.85,,9.63,-0.64,5.28,5.82,16.08,3.13,,0,0,0,-3.08,,,,-0.03,1.43,4.04,-1.01,8.31,2.76
1990 ,4,3.42,3.13,2.22,2.46,,,,,,,-4.62,,,,-18.54,4.79,17.5,2.87,13.97,25.54,0.48,-0.85,,10.17,-0.95,5.26,5.92,16.15,1.69,,0,0,0,-2.96,,,,-0.03,1.19,4.16,-1.45,8.39,2.25
1990 ,5,3.72,3.39,-1.32,-3.83,,,,,,,-6.56,,,,-17.41,2.71,31.32,43.79,19.31,31.13,0.42,-0.85,,8.36,-0.83,5.89,6.74,16.76,1.96,,0,0,0,-2.91,,,,-0.03,1.24,4.24,-1.47,8.42,3.49
1990 ,6,3.61,3.58,0.45,-1.46,,,,,,,-8.2,,,,-24.32,2.71,34.53,46.84,16.72,38.54,0.31,-0.85,,7.72,-0.99,5.47,6.94,11.61,2.63,,0,0,0.17,-3.04,,,,-0.03,1.05,2.7,-1.24,8.35,3.06
1990 ,7,4.8,6.69,0.96,-0.88,,,,,,,-4.72,,,,-25.38,2.78,48.83,50.59,15.32,64.08,0.53,-0.85,,6.12,-0.37,5.43,6.87,11.17,4,,0,0,0,-1.92,,,,-0.03,1.39,2.19,-1.49,8.51,3.38
1990 ,8,5.65,8.07,3.74,3.63,,,,,,,-6.41,,,,-23.49,1.31,52.12,59.37,31.11,70.65,0.26,0.02,,6.92,-0.06,5.8,6.99,12.3,4.32,,2.84,0,0,-1.68,,,,7.07,1.9,2.36,-1.1,8.95,3.1
1990 ,9,6.52,8.03,4.72,5.62,,,,,,,-5.64,,,,-27.51,4.02,31.84,80.02,35.63,25.44,0.6,0.1,,6.5,1.46,6.17,7.01,12.73,4.63,,9.1,0,0,-1.47,,,,26.35,3.55,5.74,-2.31,10.8,4.5
1990 ,10,3.24,-0.94,7.74,10.54,,,,,,,-5.84,,,,-42.06,2.22,-16.97,-29.36,20.53,-28.98,1.05,0.08,,6.11,0.42,6.2,6.83,13.72,4.63,,9.11,0,-0.19,-1.47,,,,26.35,11.77,6,-2.13,10.82,5.23
1990 ,11,3.94,0.56,6.74,8.73,,,,,,,-9.33,,,,-25.99,1.71,-9.02,-17.29,18.7,-12.93,1.2,0.12,,6.25,-1.16,6.34,6.79,14.93,4.49,,9.11,0,0,-1.42,,,,26.46,12.68,5.98,-1.31,10.86,5.61
1990 ,12,4.56,2.1,2.43,1.96,,,,,,,-7.92,,,,-26.91,0.48,8.47,5.23,20.82,6.92,1.31,0.18,,5.82,0.82,6.1,6.61,12.81,5.91,,9.11,0,0,-1.33,,,,26.56,13.75,4.78,-0.88,10.91,5.81
1991 ,1,4.99,2.9,1.56,0.85,,,,,,,-6.49,,,,-21.53,-0.69,17.48,16,14.67,24.23,2.18,0.55,,6.69,3.24,5.61,5.46,13.32,6.66,,13.22,0.97,-0.08,-2.81,,,,26.63,13.48,4.25,-0.17,11.92,6.45
1991 ,2,5.76,4.6,1.87,1.37,,,,,,,-3.46,,,,-8.79,2.32,17.18,16.12,17.79,13.49,2.01,0.69,,6.76,0.03,6.05,6,13.98,6.74,,13.22,0.97,-0.08,-0.08,,,,26.62,15.05,4.25,-0.43,10.85,5.18
1991 ,3,4.47,1.22,1.31,0.27,,,,,,,-6.86,,,,-25.41,0.4,-6.78,-1.14,9.01,-15.94,2.34,0.81,,6.13,-0.42,6.29,6.22,12.26,6.83,,20.33,0.97,-0.08,0.35,,,,26.67,14.07,4.25,-0.89,11.12,4.65
1991 ,4,4.12,0.48,0.97,-0.25,,,,,,,-8.71,,,,-15.07,-2.69,-7.11,-6.33,7.81,-19.22,1.94,1.41,,4.78,0.36,6.23,6.35,10.89,6.1,,20.33,0.97,-0.08,-0.47,,,,26.67,14.32,4.17,-0.87,11.04,4.55
1991 ,5,3.39,-1.21,2.37,2.67,,,,,,,-7.74,,,,-4.68,-1.69,-19.08,-30.33,7.42,-31.35,2.14,1.41,,4.49,-0.28,5.74,5.92,8.32,5.83,,20.33,0.97,-0.08,-0.6,,,,25.44,16.39,4.07,-0.71,11.06,3.85
1991 ,6,4.03,0.73,3.38,5,,,,,,,-4.86,,,,-1.66,-0.67,-9.3,-22.8,19.15,-11.14,2.7,1.41,,4.32,-0.08,6.08,6.26,9.74,5.02,,20.33,0.97,0,-1.01,,,,20.08,17.61,4.07,-0.63,11.06,4.33
1991 ,7,4.05,1.51,5.45,7.5,,,,,,,-4.69,,,,10.45,1.68,2.56,-12.77,38.13,-4.23,2.47,1.55,,5.19,-0.08,6.03,6.35,9.7,3.45,,20.33,0.97,0.13,-0.68,,,,20.1,17.45,4.02,-0.27,10.87,4.39
1991 ,8,2.59,-1.3,4.75,5.73,,,,,,,-2.5,,,,-6.05,2.12,-12.16,-18.84,22.13,-20.65,2.67,0.67,,4.17,-1.38,5.94,6.2,8.21,3.13,,17,24.58,0.13,-0.01,,,,12.12,16.37,3.58,-0.43,9.88,4.08
1991 ,9,-0.7,-7.56,3.07,3.1,,,,,,,-1.12,,,,0.55,-0.96,-35.58,-58.31,-9.28,-40,3.25,0.57,,3.48,-3.25,5.58,6.04,6.26,2.82,,10.3,24.58,0.13,0.19,,,,-4.97,13.79,0.32,1.06,6.92,2.28
1991 ,10,2.48,0.91,-0.15,-2.08,,,,,,,1.05,,,,26.83,2.96,2.71,-19.82,1.28,6.53,4.03,0.58,,3.04,-4.34,5.55,6.16,4.46,3.52,,10.28,24.58,0.07,0.13,,,,-4.98,5.64,7.83,1.88,6.97,1.87
1991 ,11,4.8,7.34,-0.41,-2.06,,,,,,,9.04,,,,19.4,3.49,52.23,22.62,14.05,81.76,3.82,0.58,,3.17,-1.96,5.29,5.86,3.58,3.55,,10.28,24.58,-0.08,-0.03,,,,-5.07,4.84,7.84,2.01,6.8,1.56
1991 ,12,3.88,4.37,2.11,2.22,,,,,,,7.76,,,,23.09,3.4,25.47,7.19,9.56,32.98,3.95,0.68,,3.12,-1.7,5.32,6,3.79,2.34,,10.28,24.58,-0.08,-0.25,,,,-5.09,1.26,7.9,2.46,6.8,1.4
1992 ,1,3.76,5.7,2.46,2.39,,,,,,,5.15,,,,24.15,10.42,31.95,6.63,10.67,33.41,3.2,1.07,,2.13,-2.44,4.99,5.93,2.74,1.99,,6.24,23.38,0,0.79,,,,-5.14,2.61,8.57,2.37,6.12,1.6
1992 ,2,4.06,6.73,1.59,1.2,,,,,,,3.65,,,,26.83,11.72,35.28,6.17,11.21,29.43,3.8,0.98,,2.35,-1.46,4.5,5.39,2.2,2.07,,3.61,23.38,0,-1.84,,,,-6.62,0.91,8.59,3.03,6.86,2.44
1992 ,3,4.71,9.13,1.6,1.44,,,,,,,6.21,,,,36.07,11.72,43.22,11.75,15.06,35.3,3.29,0.87,,3.31,0.19,4.04,5.12,2.36,2.81,,-3.64,23.38,0,-2.27,,,,-7.79,1.22,8.59,3.42,6.38,2.68
1992 ,4,5.72,11.68,1.7,1.83,,,,,,,9.29,,,,21.49,14.43,54.94,44.37,15.98,64.24,3.23,0.33,,3.65,3.64,4.18,5.16,2.93,2.94,,-3.64,23.38,0,-2.11,,,,-7.79,0.93,8.61,3.53,6.58,2.57
1992 ,5,5.72,12.14,1.48,1.25,,,,,,,10.56,,,,17.14,15.83,42.64,56.59,8.71,56.25,3.45,0.25,,3.75,3.59,3.62,4.28,3.09,2.83,,-3.64,23.38,0,-2.02,,,,-6.88,-0.96,8.61,3.68,6.55,2.37
1992 ,6,5.18,9.9,2.3,1.55,,,,,,,10.85,,,,11.92,16.63,16.13,19.55,3.1,12.92,3.04,0.3,,3.81,4.43,3.68,3.95,3.72,2.69,,-3.64,23.38,3.92,-1.65,,,,-2.72,-1.91,8.63,3.73,6.6,2.35
1992 ,7,3.7,5.51,2.68,2.91,,,,,,,6.76,,,,10.09,13.82,-3.43,29.29,-14.52,-3.58,3.3,0.2,,2.62,2.5,3.45,3.93,3.97,2.51,,-3.66,23.38,0,-2.31,,,,-2.74,-2.15,8.66,3.41,6.65,2.64
1992 ,8,3,3.61,1.52,1.72,,,,,,,4.63,,,,8.43,14.16,-7.33,40.05,-15.82,-13.58,3.15,0.2,,2.79,1.49,3.07,3.84,3.91,2.2,,-3.66,0,0,-2.36,,,,-2.74,-2.09,8.95,3.58,6.79,3.51
1992 ,9,6.16,13.79,1.83,2.24,,,,,,,2.74,,,,17.08,17.92,67.95,95.38,17.46,96.8,2.32,-2.12,,2.93,2.85,2.92,3.96,4.13,2.49,,-3.66,0,0,-2.51,,,,-2.74,-1.99,9.36,3.29,8.92,3.98
1992 ,10,5.09,11.11,2.51,3.34,,,,,,,2.56,,,,3.4,17.21,40.15,76.02,18.65,54.84,1.02,-2.27,,3.11,5.77,2.42,3.54,4.7,1.83,,-3.66,0,-4.1,-2.42,,,,-2.74,-1.85,2.34,2.6,8.87,3.88
1992 ,11,3.1,4.7,1.64,2.06,,,,,,,2.01,,,,6.57,17.01,-7.18,10.4,3.23,-13.78,1.2,-2.23,,2.9,0.92,2.7,3.48,5.1,2.21,,-3.66,0,0,-2.17,,,,-2.67,-1.67,2.33,2.47,8.88,3.53
1992 ,12,3.42,6.28,-0.23,-1.16,,,,,,,3.5,,,,-7.91,20.34,1.35,12.49,5.18,-1.81,1.31,-2.32,,3.16,-1.41,2.42,3.13,5.12,1.27,,-3.66,0,0,-2.2,,,,-2.67,0.76,2.27,1.95,9,3.35
1993 ,1,3.66,5.14,-0.64,-1.64,,,,,,,5.28,,,,-12.15,16.79,-1.6,22.11,4.02,-2.01,0.79,-2.5,,2.93,-7.53,2.94,3.19,5.1,3.1,,-3.62,0,0,-2.89,,,,-2.67,3.59,1.79,1.58,8.99,3.36
1993 ,2,3.06,5.48,0.3,-0.15,,,,,,,4.23,,,,-7.73,11.93,9.78,42.7,8.39,25.09,0.42,-2.36,,2.7,-5.12,2.94,3.43,6.51,3.51,,-1.18,0,0,-2.39,,,,-1.14,2.24,1.79,1.02,8.27,3.59
1993 ,3,3.25,5.51,1.89,2.65,,,,,,,5.64,,,,-2.04,13.08,8.21,41.06,4.91,19.14,0.9,-2.36,,2.48,-6.96,3.28,3.69,7.38,4.54,,-0.01,0,0,-2.39,,,,0.07,2.36,1.58,0.69,8.37,2.52
1993 ,4,2.77,2.47,3.26,5.06,,,,,,,5.1,,,,-2.57,12.31,-10.21,16.35,1.81,-9.38,1.12,-2.4,,2.5,1.88,3.28,3.66,7.76,6.34,,-0.01,0,0,-2.04,,,,0.07,2.66,1.56,0.5,8.18,2.78
1993 ,5,2.08,0.27,2.76,4.18,,,,,,,4.08,,,,-6.75,11.37,-5.56,-3.89,3.98,-2.44,0.8,-2.22,,2.44,0.29,3.44,3.78,7.9,8.14,,0.06,0,0,-2.01,,,,0.07,3.61,1.6,0.42,8.16,3.12
1993 ,6,4.35,7.38,3.68,5.8,,,,,,,5.66,,,,12.88,7.96,37.89,17.06,8.15,64.38,0.49,-2.18,,2.46,1.5,3.31,3.64,7.37,8.54,,0.13,0,-0.1,-1.87,,,,0.07,4.12,1.58,0.55,8.13,2.79
1993 ,7,3.29,3.83,3.25,4.77,,,,,,,5.42,,,,-6.83,8.11,7.29,5.62,2.73,6.76,0.6,-2.23,,2.74,0.01,3.38,3.77,7.57,8.78,,0.14,0,-0.1,-0.63,,,,0.09,3.79,1.74,0.84,8.09,2.64
1993 ,8,3.32,4.51,4.14,6.15,,,,,,,5.29,,,,0.69,7.03,16.45,-14.29,2.95,34.42,0.87,-2.23,,2.46,-6.6,3.81,4.21,8.34,10.11,,0.14,0,-0.1,-0.15,,,,0.1,4.4,2.37,0.87,8.07,2.94
1993 ,9,0.74,-3.81,3.83,5.6,,,,,,,4.95,,,,-13,4.24,-29.68,-24.71,-13.64,-37.98,-0.19,-0.3,,2.58,-9.29,4.2,4.7,8.17,10.55,,0.14,0,-0.1,0.04,,,,0.11,4.6,1.83,1.21,8.71,2.66
1993 ,10,1.23,-3.04,4.32,6.22,,,,,,,5.21,,,,-3.79,3.4,-28.03,-29.2,-15.67,-36.76,-0.33,0.25,,2.51,-7.16,4.5,4.99,8.56,11.18,,0.13,0,0,0.17,,,,-0.11,5.01,1.13,1.3,8.71,3.35
1993 ,11,3.09,2.68,5.68,7.55,,,,,,,4.94,,,,-6.61,3.14,11.74,4.33,-3.32,15.2,-0.49,-0.15,,2.55,-3.79,4.55,5.24,7.78,11.03,,-1.18,0,0,0.69,,,,-2.24,3.78,1.13,1.4,8.68,3.62
1993 ,12,4.63,7.78,6.31,8.46,,,,,,,5.48,,,,10.14,3.38,59.81,39.87,19.99,87.66,-0.15,-0.44,,2.38,-4.18,4.71,5.41,7.61,11.17,,-1.74,0,0,0.92,,,,-4.36,4.02,1.14,1.54,8.61,4.17
1994 ,1,2.91,4.39,7.07,9.82,,,,,,,3.77,,,,14.29,1.39,23.22,21.72,19.26,31.78,0.03,-0.07,,2.2,-1.08,4.28,5.45,8.21,9.15,,-2.29,0,0,1.67,,,,-5.08,-0.34,1.78,0.66,8.39,3.26
1994 ,2,3.93,2.91,5.99,8.03,,,,,,,3.97,,,,2.22,7.34,-0.78,-0.1,12.02,-5.43,-0.19,-0.88,,1.98,-2.16,5.03,5.52,6.72,9.25,,-2.63,0,0,1.5,,,,-6.43,2.11,1.76,0.72,8.18,2.99
1994 ,3,3.31,3.27,5.26,6.35,,,,,,,3.24,,,,-6.4,4.03,8.6,-0.73,17.69,15.27,-0.56,-0.64,,1.95,-0.61,4.63,5.5,5.85,7.32,,-3.47,10.22,0,1.59,,,,-7.95,1.39,2.65,0.8,8.18,4.27
1994 ,4,3.07,3.16,4,3.98,,,,,,,3.04,,,,4.74,0.8,11.31,-3.99,25.93,3.49,-0.61,-0.78,,1.68,-5.47,4.38,5.16,5.61,5.62,,-3.47,10.22,0,1.81,,,,-7.95,2.34,2.84,0.62,8.42,3.76
1994 ,5,4.37,6.59,3.43,3.14,,,,,,,3.86,,,,7.37,1.79,34.32,29.34,33.17,35.45,-0.15,-0.85,,1.79,0.59,4.17,4.92,5.38,4.97,,-3.54,10.22,0,1.85,,,,-7.95,2.52,2.81,1.22,8.46,3.71
1994 ,6,2.13,-0.48,1.48,-0.35,,,,,,,1.3,,,,-4.77,4.63,-8.88,16.63,13.67,-23.79,0.32,-0.86,,2.06,0.67,4.11,4.82,5.52,5.15,,-3.61,10.22,0.17,2.03,,,,-7.95,2.35,3.03,1.09,8.49,3.53
1994 ,7,4.15,5.99,2.37,1.38,,,,,,,1.59,,,,11.71,6.73,29.8,1.22,27.99,35.63,-0.38,-0.78,,2.61,-0.75,4.42,4.83,5.21,5.32,,-3.61,16.46,0.17,1.47,,,,-7.97,2.57,2.83,0.8,8.55,4.14
1994 ,8,7.05,15.66,0.84,-1.08,,,,,,,1.87,,,,32.28,13.46,83.9,104.37,67.19,78.58,0.34,-0.93,,2.72,-0.07,4.13,4.52,4.56,4.49,,-2.79,16.46,0.17,1.2,,,,-6.4,2.67,2.12,1,8.45,3.72
1994 ,9,6.7,15.86,0.65,-1.32,,,,,,,1.86,,,,3.41,11.66,74.28,97.72,79.3,59.75,1.99,-1.1,,2.93,-1.13,3.77,3.92,5.51,4.27,,-2.38,16.46,0.17,1.05,,,,-5.74,2.62,2.5,1.02,3.81,3.57
1994 ,10,5.06,11.08,0.02,-2.14,,,,,,,2.33,,,,6.03,9.91,48.87,18.61,82.36,38.96,2.15,-1.17,,3.05,-1.79,3.65,3.86,4.97,3.64,,-2.36,16.46,0,0.93,,,,-5.52,2.09,2.37,0.92,3.81,3.08
1994 ,11,3.88,7.02,-1.33,-3.76,,,,,,,2.26,,,,4.77,9.73,13.18,-1.98,59.02,-2.93,1.58,-0.73,,2.93,-1.59,3.63,3.72,5.77,3.14,,-1.07,16.46,0,0.37,,,,-3.53,2.81,2.37,1.03,3.81,3.02
1994 ,12,2.65,2.41,-1.3,-3.31,,,,,,,1.27,,,,-5.36,7.72,-22.51,-19.14,18.1,-38.13,1.26,-0.61,,3,-1.13,3.68,3.64,6.69,3.46,,0.68,16.46,0,0.33,,,,0.79,2.63,2.35,1.18,3.72,3.01
1995 ,1,5.23,8.47,-1.41,-3.95,,,,,,,1.5,,,,1.49,9.97,17.62,0.28,36.86,1.29,1.36,-1.17,,3.32,-1.19,4.16,3.72,6.18,2.96,,1.54,16.46,0,0.79,,,,2.35,2.86,1.78,2.01,3.72,2.88
1995 ,2,3.44,7.3,1.72,0.78,,,,,,,1.11,,,,3.22,3.93,27,11.53,41.78,11.27,1.53,-0.44,,3.63,-0.24,3.22,3.39,6.87,3.8,,1.89,16.46,0,1.19,,,,3.82,1.59,1.83,1.86,3.87,2.18
1995 ,3,3.87,5.93,3.73,3.77,,,,,,,1.34,,,,26.86,5.35,13.12,9.58,36.06,-6.08,1.39,-0.51,,3.71,-0.96,3.56,3.4,6.94,4.57,,2.77,5.65,0,1.15,,,,5.54,2.33,1.78,2.08,4.09,2.38
1995 ,4,4.44,6.39,4.86,5.18,,,,,,,2.14,,,,0.34,6.65,11.91,7.92,12.82,9.85,1.9,-0.48,,4.13,9.81,3.66,3.44,7.15,5.83,,2.77,5.65,0,1.46,,,,5.66,1.34,1.56,2.34,4.61,2.55
1995 ,5,3.29,3.43,6.46,7.77,,,,,,,2.68,,,,4.39,5.61,-3.11,-10.79,6.52,-16.41,2.54,-0.53,,4.4,4.67,3.79,3.62,7.21,5.15,,2.77,5.65,0,2.37,,,,5.66,0.41,1.56,1.74,4.77,2.88
1995 ,6,4.67,7.15,8.3,9.74,,,,,,,3.72,,,,4.08,3.86,13.12,-4.37,19.45,12.66,2.81,-0.56,,4.59,3.64,3.94,3.77,7.08,5.34,,2.77,5.65,0,3.81,,,,5.66,0.31,1.49,2.35,4.69,3.67
1995 ,7,3.84,5.37,7.74,7.54,,,,,,,6,,,,-4.91,5.63,-1.49,2.93,15.3,-7.42,4.23,-0.56,,4.2,1.7,3.52,3.57,7.02,5.05,,2.77,0,0,3.8,,,,7.6,1.21,1.46,3.15,4.65,3.18
1995 ,8,1.7,-1.47,8.82,9.28,,,,,,,8.37,,,,-25.39,0.6,-31.25,-43.57,-8.87,-36.32,3.69,-0.55,,4.03,3.59,3.35,3.31,7.2,5.23,,1.91,0,0,3.39,,,,5.78,1.54,1.28,3.06,4.84,2.9
1995 ,9,2,-1.5,9.14,9.75,,,,,,,7.22,,,,0.02,4.48,-26.87,-41.98,-20.96,-23.18,2.79,-0.15,,3.97,4.84,3.31,3.29,6.25,4.69,,1.48,0,0,3.29,,,,5.03,2.05,0.89,2.81,7.77,2.94
1995 ,10,2.87,1.12,8.49,8.76,,,,,,,7.27,,,,-0.68,3.31,-14.61,-3.3,-22.76,-9.72,3.32,-0.26,,3.96,4.93,3.18,3.29,5.47,4.84,,1.48,0,0,3.5,,,,5.03,3.99,0.89,2.56,7.99,2.85
1995 ,11,4.23,4.91,8.22,8.32,,,,,,,5.85,,,,5.27,3.43,2.62,11.8,-10.4,12.39,4.08,-0.32,,4.13,5.78,3.26,3.35,4.85,4.86,,1.48,0,0,3.81,,,,5.03,4.62,0.89,2.4,8.59,2.92
1995 ,12,4.57,6.16,7.97,7.27,,,,,,,6.65,,,,9.96,2.34,22.11,14.43,9.99,26.26,3.99,-0.19,,3.28,7.35,3.15,3.27,4.32,5.41,,0.29,0,0,3.61,,,,2.74,4.42,0.89,1.8,8.65,2.48
1996 ,1,2.29,0.89,10.05,9.76,,,,,,,6.31,,,,-1.97,-1.77,-16.37,-12.99,-7.64,-19.65,3.96,-0.05,,4.03,6.43,2.77,3.38,4.02,5.82,,0,0,0,3.04,,,,1.96,4.57,0.82,2.62,10.25,2.88
1996 ,2,3.76,1.52,7.87,5.58,,,,,,,7.31,,,,4.35,1.15,-19.65,-21.43,-14.47,-21.62,3.69,-0.48,,3.86,3.34,3.47,3.4,3.22,4.97,,0,0,0,2.41,,,,1.96,4.69,2.11,2.81,11.01,2.7
1996 ,3,3.01,2.09,6.95,3.97,,,,,,,8.49,,,,-13.1,4.61,-17.78,-19.66,-21.04,-14.55,3.71,-0.17,,4.1,4.53,2.7,3.05,2.57,4.29,,0,0,0,2.52,,,,1.96,5,1.47,2.63,10.77,2.14
1996 ,4,2.82,3.03,5.76,2.47,,,,,,,7.74,,,,13.1,6.48,2.56,-13.47,-6.93,7.32,3.25,-0.26,,3.89,-1.07,2.42,2.87,1.69,2.63,,0,0,0,2.16,,,,1.84,4.95,1.47,2.58,9.98,2.19
1996 ,5,2.88,3.09,6.08,2.55,,,,,,,8.88,,,,15.61,7.05,1.33,-14.35,-12,13.56,2.13,-0.14,,3.51,2.21,2.16,2.7,1.25,1.9,,0,0,0,1.56,,,,1.84,5.3,1.47,2.55,9.8,1.45
1996 ,6,2.38,2.2,7.39,5.7,,,,,,,10,,,,6.78,8.55,-8.45,-2,-13.45,-2.94,1.85,-0.24,,3.12,0.26,1.95,2.51,0.95,1.4,,0,0,0,0.03,,,,1.84,5.36,1.33,1.93,10.09,1.24
1996 ,7,1.45,-0.83,7.79,7.52,,,,,,,6.77,,,,9.86,6.92,-17.79,-7.56,-17.97,-18.56,0.49,0.46,,3.19,1.76,1.93,2.42,0.52,1,,0,0,0,0,,,,-1.12,4.7,1.67,1.44,10.05,0.67
1996 ,8,5.05,10.5,7.48,7.21,,,,,,,4.68,,,,21.86,11.06,47.92,43.51,14.62,44.53,0.18,18.88,,3.39,2.52,1.87,2.39,0.23,1.03,,0,0,0,0.07,,,,-1.08,4.29,1.67,1.27,10.18,0.58
1996 ,9,3.84,7.07,7.02,6.82,,,,,,,3.75,,,,1.96,5.01,18.87,28.42,4.35,12.68,0.45,19.14,,3.37,2.21,1.68,2.18,-0.22,1.3,,0,0,0,-0.15,,,,-1.08,3.07,1.67,1.06,8.44,0.51
1996 ,10,3.69,6.5,6.23,4.95,,,,,,,1.36,,,,-1.72,6.54,8.19,3.77,5.48,9.46,-0.35,18.85,,3.26,4.98,1.58,2,-0.37,0.59,,0,0,0,-0.34,,,,-1.08,0.16,1.96,1.22,8.26,0.54
1996 ,11,3.2,5.55,5.36,3.64,,,,,,,0.1,,,,-6.57,5.95,5.58,6.23,-0.51,9.76,-0.69,18.8,,3.36,4.3,1.35,1.77,-0.7,0.78,,0.11,0,0,-0.53,,,,-1.08,-0.21,1.96,1.53,7.69,0.84
1996 ,12,2.52,3.96,5.08,3.5,,,,,,,-2.71,,,,-7.86,8.3,0.88,10.5,-7.54,7.76,-0.54,18.63,,4.22,1.82,1.16,1.64,-1.42,0.09,,0.29,0,0,-0.47,,,,-1.08,0.07,2.05,1.89,7.64,0.94
1997 ,1,1.98,2.51,3.22,1.94,,,,,,,-3.19,,,,-6.68,8.89,-5.47,3.47,-10.15,-4.12,-0.64,19.29,,3.12,0.93,1.1,1.22,-1.61,0.24,,9.39,0,0,-0.51,,,,5.78,0.07,2.05,1.26,5.98,0.87
1997 ,2,2.06,2.77,2.24,1.29,,,,,,,-2.51,,,,-11.26,9.94,4.2,6.94,-7.7,12.16,-0.75,19.94,,3.02,2.72,1.14,1.11,-1.5,-0.48,,10.01,0,0,-0.49,,,,5.82,0.29,0.74,1.32,4.77,0.82
1997 ,3,1.09,0.14,0.51,-0.9,,,,,,,-7.11,,,,-14.48,7.07,0.55,-0.26,-1.17,-0.65,-0.35,19.18,,2.35,2.21,1.12,1.16,-1.26,-0.41,,10.14,0,0,-0.71,,,,5.82,-0.39,0.79,1.39,4.76,0.86
1997 ,4,0.5,-2.24,-0.32,-2.15,,,,,,,-12.15,,,,-9.43,6.49,-15.82,-2.51,-4.01,-21.05,-0.65,18.47,,2.36,5.21,1.18,1.18,-1.59,-0.27,,11.82,0,0,-0.72,,,,7.83,-0.41,0.79,1.48,4.74,0.82
1997 ,5,0.76,-1.5,-1.69,-3.74,,,,,,,-6.76,,,,-19.65,5.72,-16.24,-1.45,-1.83,-20.26,-0.85,18.38,,2.65,0.97,1.44,1.25,-1.13,-1.74,,12.22,7.59,0,-0.95,,,,8.12,0.07,4.1,1.65,4.72,1.13
1997 ,6,1.84,2.08,-4.15,-7.9,,,,,,,-4.89,,,,2.64,4.92,18.7,5.4,4.33,19.93,-0.86,18.46,,2.54,1.61,1.26,1.15,-1.2,-1.8,,10.69,7.59,0,-1.49,,,,8.12,0.09,4.1,1.67,4.5,0.83
1997 ,7,3.31,7.37,-5,-9.38,,,,,,,-5.15,,,,-11.23,5.3,34.76,38.84,14.55,40.78,-0.33,17.5,,2.17,-1.87,0.96,1.08,-0.91,-1.84,,9.85,7.59,0,-1.84,,,,9.35,0.01,3.75,1.45,4.53,0.81
1997 ,8,-0.58,-4.72,-4.4,-8.25,,,,,,,-7.98,,,,-15.56,1.4,-26.88,-24.75,-17.91,-18.93,0.01,-0.56,,1.93,-0.05,0.91,1.03,-1.01,-2.35,,8.62,7.59,0,-1.87,,,,8.03,0.23,3.75,1.27,3.92,0.65
1997 ,9,0.63,-1.55,-2.95,-6.19,,,,,,,-9.48,,,,-3.1,4.4,-2.28,-14.93,-5.07,3.83,-0.12,-0.58,,1.63,3.02,0.96,1.11,-1.05,-2.63,,8.34,7.59,0,-1.5,,,,7.58,1.46,3.75,1.26,4.27,0.82
1997 ,10,-0.32,-4.24,-3.26,-6.15,,,,,,,-16.09,,,,-7.83,2.44,-5.78,6.56,-6.39,-5.77,-0.73,-0.56,,1.81,-0.41,1.03,1.25,-0.81,-3.48,,8.34,7.59,0,-1.66,,,,7.58,1.98,3.88,1.56,4.36,0.89
1997 ,11,-0.52,-5,-1.39,-2.45,,,,,,,-12.99,,,,-5.4,2.45,-10.63,-5.13,-8.91,-13.11,-0.22,-0.56,,1.22,1.19,1.01,1.21,-0.56,-3.81,,8.77,7.59,0,-1.68,,,,7.58,1.98,4.01,1.14,4.29,0.35
1997 ,12,0.27,-2.87,0.1,0.14,,,,,,,-11.21,,,,-2.27,1.57,-15.71,-14.69,-10.56,-18.3,0.09,-0.53,,2.23,1.14,1.22,1.35,-0.21,-2.64,,9.71,7.59,0,-1.45,,,,8.95,1.95,3.93,1.05,4.41,0.52
1998 ,1,2,0,-0.18,-0.67,,,,,,,-8.72,,,,-0.54,2.84,9.64,3.97,-1.72,19.56,-0.33,-0.06,,2.34,-4.32,1.78,1.39,0.43,-1.99,,1.28,7.59,0,-1.34,,,,2.75,2.35,3.93,0.71,4.3,1.72
1998 ,2,0.29,1.5,0.57,1.01,,,,,,,-8.83,,,,-4.3,-0.14,34.82,53.61,14.97,63.08,0.38,-0.49,,2.73,-4.89,0.66,1.45,0.51,-1.86,,0.71,7.59,0,-1.15,,,,2.77,0.86,3.91,0.66,4.64,0.13
1998 ,3,2.47,5.93,1.12,1.39,,,,,,,-5.32,,,,8.01,0.04,72.99,83.52,20.78,135.76,-0.23,0.01,,1.27,-4.26,0.99,1.31,0.51,-2.33,,0.84,7.59,0,-0.68,,,,2.77,0.35,3.86,0.78,4.65,0.69
1998 ,4,2.12,5.09,2.94,4.42,,,,,,,1.56,,,,-5.19,-1.25,27.42,60.75,7.27,52.64,0.2,1.26,,1.1,-6.84,1.29,1.69,0.83,-2.37,,-0.86,7.59,0,-1.08,,,,0.28,-1.05,3.86,1.18,4.52,0.71
1998 ,5,1.66,4.37,3.15,3.09,,,,,,,-6.55,,,,4.51,0.16,17.99,30.34,3.26,37.52,0.48,0.94,,1.07,-7.48,1.06,1.56,0.48,-1.02,,-1.46,0,0,-1.2,,,,-0.4,-1.74,0.59,1.16,4.31,-0.06
1998 ,6,1.45,4.25,4.33,4.33,,,,,,,-10.12,,,,-4.98,1.84,5.81,23.48,7.07,18.33,-0.16,1.22,,1.16,-7.76,1.27,1.6,0.61,-1.11,,-0.55,0,0,-0.96,,,,-0.51,-1.36,0.59,1.5,4.28,1.03
1998 ,7,0.84,2.02,5.54,6.57,,,,,,,-7.2,,,,19.57,2.08,-5.01,-2.79,11.16,-5.68,0.48,0.71,,2.83,-8.36,1.23,1.53,0.44,-0.84,,-0.51,0,0,-1.42,,,,-1.81,0.22,2.06,1.46,4.12,2.37
1998 ,8,0.45,0.76,4.99,5.4,,,,,,,-1.14,,,,20.47,2.64,-7.9,-5.28,7.42,-14.2,0.61,0.75,,2.63,-8.56,1.14,1.45,0.59,-0.71,,-0.32,0,0,-1.8,,,,-2.32,0.32,0.06,1.6,4.16,2.07
1998 ,9,0.4,1.73,4.26,4.65,,,,,,,13.94,,,,30.49,3.28,-14.76,0.71,4.19,-17.61,1.3,0.44,,3.25,-9.22,1.06,1.36,0.54,-0.58,,0.03,0,0,-2.06,,,,-3.09,-1.18,0.06,1.72,3.39,1.03
1998 ,10,2.58,8.25,6.15,8.27,,,,,,,24.39,,,,25.43,6.99,28.02,49.27,15.55,35.71,2.34,0.73,,3.26,-6.09,1.04,1.21,0.54,0.94,,-0.55,0,0,-2.31,,,,-4.32,-0.93,-0.29,1.36,3.21,0.31
1998 ,11,3.9,13.06,5.05,6.37,,,,,,,21.39,,,,35.99,6.21,75.35,103.54,31.13,97.6,1.39,0.84,,2.99,-1.83,0.93,1.27,0.62,1.24,,-2.49,0,0,-1.95,,,,-6.71,-1.04,-0.43,1.7,3.22,0.35
1998 ,12,2.11,6.46,3.32,3.77,,,,,,,19.69,,,,32.3,6.26,31.48,69.87,24.58,29.49,0.72,0.93,,1.87,-0.24,0.79,1.27,0.6,-0.82,,-4.02,0,0,-1.57,,,,-8.56,-0.73,-0.43,1.7,3.26,0.52
1999 ,1,0.39,4.97,2.79,4.38,,,,,,,21.12,,,,23.17,4.52,2.92,26.75,12.68,-5.41,0.7,-0.07,,2.51,-0.18,0.02,1.32,0.12,-1.76,,-4.91,0,0,-1.42,,,,-11.14,-0.8,-0.34,2.03,3.39,-0.85
1999 ,2,2.11,2.12,3.18,5.07,,,,,,,22.98,,,,35.65,4.22,-32.09,-29.73,-13.25,-44.95,-0.26,0.25,,2.17,-2.64,1.12,1.19,0.24,-2.19,,-7.28,0,0,-1.38,,,,-11.49,0.81,1.68,1.68,3.14,3.06
1999 ,3,-0.47,-1.96,4.01,7.06,,,,,,,15.82,,,,16.62,4.47,-45.85,-42.13,-17.12,-58.73,0.05,0.12,,2.97,-4.11,0.46,1.1,0.07,-1.63,,-7.65,0,0,-1.67,,,,-11.49,1.35,1.64,1.51,3.27,-0.36
1999 ,4,-0.1,-1.32,2.76,5.56,,,,,,,13.72,,,,23.1,4.62,-24.73,-32.16,-11.52,-34.42,-0.88,-0.49,,2.19,-0.32,0.05,0.67,-0.12,-1.63,,-7.5,0,0,-1.36,,,,-9.71,2.84,1.64,1.03,3.36,-0.42
1999 ,5,0.49,1.1,2.34,6.03,,,,,,,15.01,,,,21.37,5.02,-8.68,1.48,-5.26,-14.58,-0.01,-0.07,,1.36,-0.27,-0.02,0.61,-0.42,-1.8,,-6.92,0,0,-1.11,,,,-7.55,3.09,1.6,0.99,3.5,0.45
1999 ,6,-0.85,-3.76,2.36,6.54,,,,,,,19.15,,,,4.15,4.14,-27.23,-32.86,-13.56,-37.21,0.18,-0.8,,2.78,-1.88,0.01,0.56,-0.33,-1.67,,-6.43,0,0,-0.8,,,,-6.67,2.82,1.54,0.41,3.56,-0.36
1999 ,7,-0.82,-3.66,1.78,4.22,,,,,,,16.48,,,,-9.8,3.3,-15.82,-33.65,-13.95,-14.06,-0.99,0.26,,1.3,-1.6,0.06,0.47,0.02,-1.84,,-5.72,0,0,-0.17,,,,-4.1,1.68,0.68,0.34,3.67,-0.48
1999 ,8,1.14,2,1.48,3.57,,,,,,,12.51,,,,-9.95,4.46,12.5,-17.33,-0.88,25.82,-1.01,0.24,,1.41,-1.5,0.01,0.4,0,-2.79,,-4.34,0,0,0.37,,,,-0.11,1.35,14.52,0.47,3.71,0.63
1999 ,9,0.58,0.03,1.4,2.86,,,,,,,-0.73,,,,-20.03,4.25,2.87,-19.22,-4.52,7.31,-1.27,0.48,,1.03,-2.48,-0.07,0.35,-0.01,-2.89,,-4.64,0,0,0.66,,,,1.75,1.94,13.86,0.63,2.9,-0.63
1999 ,10,0.41,-1.12,1.18,2.59,,,,,,,-2.66,,,,-8.8,2.9,-11.82,-42.73,-10.99,-9.64,-1.33,0.06,,0.91,7.52,-0.3,0.26,-0.12,-2.86,,-4.08,0,0,1.01,,,,3.03,1.19,13.79,1,2.95,-0.37
1999 ,11,-0.9,-4.94,0.71,1.25,,,,,,,-2.7,,,,-23.13,3.94,-34.33,-54.09,-14.57,-38.07,-1.02,0.36,,1.56,-1.38,-0.21,0.17,-0.2,-3.56,,-2.23,0,0,0.81,,,,7.3,1.14,13.81,0.56,3.03,-0.93
1999 ,12,0.15,-1.41,0.81,1.12,,,,,,,-1.5,,,,-21.73,2.73,-14.94,-42,-8.27,-12.91,-0.94,0.1,,1.48,-2.84,-0.15,0.11,-0.18,-2.44,,-1.07,0,0,0.25,,,,10.61,1.16,13.81,0.03,2.88,-0.63
2000 ,1,0.51,-0.7,1.21,1.34,,,,,,,-5.86,,,,-17.8,3.45,-1.31,-26.04,-4.37,8.15,-1.6,0.23,,0.74,-2.41,-0.11,-0.05,-0.21,-2.18,,0.95,0,0,0.23,,,,13.42,1.71,14.18,-0.16,2.86,-0.32
2000 ,2,0.92,-0.1,-0.55,-2.82,,,,,,,-8.71,,,,-27.08,5.48,15.16,-7.81,5.44,22.83,-1.47,0.19,,0.64,0.93,0.09,-0.08,-0.41,-1.05,,4.84,0,0,0,,,,14.99,1.86,11.92,0.1,3,0.15
2000 ,3,1.12,0.44,-0.94,-3.19,,,,,,,-4.24,,,,-19.85,6.07,20.3,-3.24,7.37,28.45,-1.56,-0.04,,0.95,0.75,0.1,0.02,-0.88,-1.14,,8.17,0,0,0.12,,,,16.55,2.09,11.97,0.19,2.92,0.93
2000 ,4,1.24,0.51,-0.42,-2.22,,,,,,,-6.16,,,,-20.2,6.69,2.93,-14.74,4.04,2.84,-1.11,0.3,,1.23,2.34,0.33,0.03,-0.42,-1.08,,15.52,0,0,0.14,,,,17.59,2.75,11.94,0.16,2.97,1.13
2000 ,5,1.59,1.5,-0.43,-1.25,,,,,,,-6.35,,,,-22.15,5.71,1.67,-17.53,1.79,6.37,-3.05,0.22,,1.85,1.91,0.36,0.09,-0.3,-1.59,,16.16,0,0,0.08,,,,15.32,3.03,11.94,0.22,3.22,0.7
2000 ,6,1.35,0.61,-1.23,-3.92,,,,,,,-8.64,,,,-10.33,5.06,2.56,23.52,3.2,5.28,-2.15,-0.25,,1.11,0.96,0.37,0.03,-0.26,-1.7,,16.76,0,0,-0.02,,,,15.32,3.11,12.01,0.48,3.19,1.83
2000 ,7,1.45,0.63,-0.37,-0.08,,,,,,,-8.7,,,,-0.99,3.66,1.88,30.45,-3.41,2.35,-1.02,-1.16,,1.09,1.71,0.33,0.05,-0.42,-1.39,,16.77,0,0,0.18,,,,15.61,3.06,11.4,0.78,3.51,2.01
2000 ,8,0.27,-2.38,-0.6,-0.17,,,,,,,-8.98,,,,-9.58,1.07,-13.29,5.93,-11.24,-15.57,-1.61,-0.62,,0.88,1.68,0.5,0.11,0.08,-0.75,,16.15,0,0,0.24,,,,11.21,2.97,-0.11,0.57,3.66,0.54
2000 ,9,1.63,0.81,-1.71,-2.66,,,,,,,-7.73,,,,0.32,1.13,14.87,29.57,0.94,18.64,-2.13,-0.78,,0.91,1.15,0.81,0.39,-0.02,-0.78,,17.13,0,0,0.12,,,,12.67,2.97,0.48,0.63,5.38,2.12
2000 ,10,1.02,-1.34,-1.25,-2.09,,,,,,,-4.95,,,,-3.44,-1.57,-9.05,16.02,-0.98,-12.9,-2.15,-0.71,,0.83,1.5,0.79,0.47,-0.18,-1.75,,18.39,0,0,-0.43,,,,15.71,3.72,0.65,0.19,5.31,2.39
2000 ,11,2.25,3.32,-1.55,-2.25,,,,,,,-3.96,,,,11.59,-0.65,33.17,32.63,5.28,50.76,-1.68,-1.05,,0.8,0.24,0.66,0.38,-0.38,-1.56,,17.58,0,0,-0.25,,,,13.82,3.94,0.65,0.32,5.37,2.45
2000 ,12,1.64,1.49,-1.19,-1.16,,,,,,,-4.01,,,,4.66,-3.27,19.17,52.31,7.86,27.87,-0.97,-0.81,,0.96,-0.78,0.56,0.4,-0.87,-1.38,,16.29,0,0,-0.68,,,,11.15,4.58,0.65,0.56,5.33,2.28
2001 ,1,2.36,-0.51,-1.14,-3.03,,,,,,,-3.43,,,,4.43,-2.47,0.21,34.94,5.07,-5.51,-0.42,-0.58,,0.98,-2.55,1.05,0.35,-1.25,-2.55,,14.27,0,0,0.09,,,,10.61,4.8,0.27,0.59,5.28,4.23
2001 ,2,-1.03,-2.54,-0.59,-0.42,,,,,,,-4.15,,,,1.33,-6.4,-11.97,19.91,-4.79,-13.67,0.29,-0.52,,0.92,-2.6,-0.48,0.34,-2.32,-2.46,,12.85,0,0,-0.18,,,,9.47,4.31,0.24,0.47,5.55,-1.46
2001 ,3,0.43,-2.08,-1.46,-1.88,,,,,,,-2.85,,,,15.08,-7.35,-18.47,21.72,-7.31,-25.7,0.82,-0.49,,0.89,-0.67,0.08,0.24,-1.71,-3.24,,9.74,0,0,-0.45,,,,8.01,4.99,0.39,0.01,5.44,0.19
2001 ,4,0.42,-0.67,-1.86,-3.56,,,,,,,-1.23,,,,5.45,-6.5,1.86,47.24,-1.18,3.93,1.02,-0.77,,1.34,-2.13,-0.33,0.04,-3.23,-4,,2.53,0,0,-0.25,,,,4.83,4.37,1.03,-0.29,5.41,-0.06
2001 ,5,-0.22,-2.61,-2.28,-4.6,,,,,,,-2.8,,,,8.94,-7.89,-8.1,16.68,-6.03,-12.13,1.63,-0.95,,1.21,-0.84,-0.4,0.02,-3.32,-3.06,,0.24,0,0,-0.26,,,,4.51,3.75,0.85,-0.26,5.19,-0.37
2001 ,6,-0.14,-1.32,0.03,-0.58,,,,,,,-3.81,,,,-1.63,-8.24,5.16,-14.04,-1.08,7.4,1.73,-0.04,,-0.05,-3.84,-0.58,0,-4.05,-2.8,,-0.8,0,0,-0.19,,,,3.64,3.97,2.01,-0.36,5.21,-1.05
2001 ,7,0.09,-0.67,-0.76,-3.33,,,,,,,-3.73,,,,-8.76,-6.13,0.89,-8.47,5.04,-1.77,0.97,0.41,,-1.12,-2.13,-0.58,0.01,-4.5,-2.43,,-1.86,0,0,-0.48,,,,-0.5,3.95,3.97,-0.13,4.98,-1.2
2001 ,8,0.45,0.48,-0.5,-2.1,,,,,,,-4.42,,,,-0.73,-4.9,5.34,12.58,7.43,3.68,1.26,0.01,,-0.31,-1.69,-0.71,-0.05,-5.62,-2.46,,-2.15,0,0,-0.45,,,,0.98,4.18,3.97,-0.06,4.92,-1.63
2001 ,9,-0.51,0.03,0.2,-1.24,,,,,,,-2.57,,,,-3.2,-4.45,2.5,5.92,6.59,8.2,1.35,0.14,,-0.68,-2.19,-1.13,-0.4,-5.49,-2.48,,-2.62,0,0,-0.52,,,,-0.95,3.65,3.96,-0.65,0.93,-2.42
2001 ,10,0.97,4.78,0.7,0.61,,,,,,,-3.61,,,,-4.18,-2.48,54.51,85.71,35.63,60.56,1.27,0.29,,-0.44,-2.31,-0.94,-0.47,-5.32,-1.62,,-3.62,0,0,0.17,,,,-3.53,2.93,3.77,-0.54,0.97,-2.24
2001 ,11,-1.14,-2.34,1.75,3.1,,,,,,,-3.13,,,,-17.67,-3.59,-11.78,43.77,1.87,-27.98,1.14,0.12,,0.03,1.05,-1.07,-0.51,-5.34,-2.51,,-3.77,0,0,-0.27,,,,-3.94,2.46,3.77,-0.35,0.86,-2.83
2001 ,12,-1.68,-3.32,1.9,2.49,,,,,,,-2.13,,,,-11.83,-1.49,-27,-26.28,-13.62,-38.24,0.67,0.29,,0.09,0.25,-1.18,-0.73,-5.02,-1.61,,-4.08,0,0,0.09,,,,-8,0.47,3.77,-0.54,0.85,-3.13
2002 ,1,-1.68,-0.06,1.89,4.45,,,,,,,-1.73,,,,-10.74,-2.87,-16.33,-19.59,-16.65,-15.56,1.31,47.89,,0.08,1.6,-1.96,-0.81,-5.01,-1.72,,-5.5,0,0,-0.33,,,,-9.59,-0.53,3.69,-0.51,1.33,-4.02
2002 ,2,1.42,1.9,2.55,5.24,,,,,,,1.99,,,,3.24,1.05,-2.78,-14.7,-9.08,-0.58,0.43,47.9,,0.08,0.48,-0.62,-0.91,-4.37,-3.66,,-5.62,0,0,-0.04,,,,-9.59,1.03,3.77,-0.47,0.96,-0.79
2002 ,3,0.01,2.18,3.14,5.67,,,,,,,0,,,,-15.57,-0.5,10.46,-12.18,0.07,22.08,-0.51,48.08,,-0.04,-0.99,-1.39,-0.93,-4.98,-3.44,,-6.05,0,0,-0.12,,,,-9.59,-0.9,1.42,-0.03,0.96,-1.34
2002 ,4,0.21,1.55,4.48,9.69,,,,,,,0.07,,,,-6.57,-2.02,8.54,10.47,3.24,24.37,-0.17,47.85,,-0.4,0.53,-1.24,-0.78,-3.69,-3.54,,-6.09,0,0,-0.58,,,,-5.73,-1.34,0.81,0.66,0.97,-1.14
2002 ,5,-0.26,0.03,4.86,10.69,,,,,,,-0.32,,,,-10.63,0.49,-2.18,1.6,-2.18,7.56,0.57,48.51,,-0.18,-0.65,-1.24,-0.91,-3.43,-3.94,,-4.82,0,0,-1.3,,,,-4.06,-1.14,0.98,0.18,0.93,-0.93
2002 ,6,0.11,0.84,3.31,8.36,,,,,,,0.69,,,,-7.11,0.52,-4.77,5.8,-7.53,-2.19,-0.18,48.73,,0.37,2.05,-1.14,-0.89,-2.99,-3.85,,-4.51,0,0,-1.44,,,,-8.38,-1.4,-0.16,0.06,0.98,-1.2
2002 ,7,0.42,2.47,3.34,7.84,,,,,,,0.05,,,,3.52,0.53,7.97,-9.55,-4.21,22.27,-0.15,48.62,,1.12,1.3,-1.16,-1.01,-2.51,-4.06,,-4.27,0,0,-1.42,,,,-6.41,-1.87,-2.1,-0.45,0.93,-1.03
2002 ,8,-0.27,-0.01,3.23,7.19,,,,,,,0.71,,,,-2.41,-0.59,-5.43,-19.94,-7.53,1.12,-0.79,48.16,,0.68,1.28,-1.15,-0.98,-1.81,-3.74,,-4.01,0,0,-1.39,,,,-5.07,-1.82,-2.1,-0.19,0.7,-0.76
2002 ,9,-0.77,-3.24,3.41,8.74,,,,,,,-0.2,,,,2.32,-1.7,-26.2,-30.93,-16.82,-30.38,-0.58,48.55,,0.9,1.5,-1,-0.99,-2,-3.62,,-4.43,0,0,-1.5,,,,-2.63,-1.36,5.59,0.39,0.32,-0.76
2002 ,10,-1.7,-6.04,1.34,2.26,,,,,,,0.15,,,,0.6,-0.6,-42.19,-52.89,-34.93,-44.03,-0.28,48.43,,0.62,2.85,-1.22,-1.09,-2.12,-3.78,,-0.33,0,0,-1.65,,,,-0.15,-1.05,5.59,0.7,0.46,-1.13
2002 ,11,-0.56,-2.38,0.01,-0.56,,,,,,,0.36,,,,13.16,0.59,-23.87,-37.98,-17.77,-18.27,-1.91,48.31,,0.24,-1.26,-1.1,-1,-2.06,-3.76,,1.59,0,0,-2.08,,,,2.49,-0.61,5.59,-0.09,0.5,-1.02
2002 ,12,0.77,1.5,-0.98,-3.04,,,,,,,0.1,,,,10.92,0.78,19.55,15.28,0.68,46.32,-2.14,44.2,,0,-0.06,-1.04,-0.98,-2.21,-5.08,,2.73,0,0,-2.52,,,,7.19,0.07,5.59,0.59,0.54,-1.19
2003 ,1,1.08,1.74,-1.14,-4.09,,,,,,,-0.07,,,,14.17,2.51,46.25,24.55,10.02,83.3,-1.82,-0.53,,0.01,-0.14,-0.8,-0.99,-1.86,-5.62,,6.28,0,0,-2.46,,,,11.53,0.9,5.63,0.28,-0.18,-1.75
2003 ,2,-1.51,-1.22,-1.48,-5.18,,,,,,,-3.03,,,,7.52,-0.17,12.66,12.37,-0.4,25.67,0.26,-0.08,,0.03,1.63,-1.53,-0.95,-0.88,-3.61,,7.11,0,0,-2.22,,,,12.24,-2.1,5.92,0.89,-0.32,-2.47
2003 ,3,-0.18,-1.97,-2.27,-7.59,,,,,,,-1.47,,,,11.54,2.47,-7.36,11.53,-6.54,-13.59,0.97,-0.12,,-0.37,2.05,-0.73,-0.99,-0.37,-4.29,,8.67,0,0,-2.33,,,,18.45,-0.74,8.09,1.05,-0.06,-1.51
2003 ,4,-0.12,-0.73,-3.35,-10.29,,,,,,,-0.44,,,,17.35,3.87,-8.74,-18.29,0.19,-22.47,0.68,0.09,,-0.24,4.96,-0.69,-1.03,-0.47,-3.69,,9.74,0,0,-1.86,,,,6.71,-0.18,7.95,0.81,-0.26,-2.29
2003 ,5,0.32,1.79,-2.58,-9.33,,,,,,,0.82,,,,11.75,3.75,13.39,5.67,20.11,-1.3,0.19,-0.17,,-0.69,3.99,-0.84,-0.96,-0.32,-4.3,,5.04,0,0,-0.98,,,,3.67,-0.58,8,1.19,-1.28,-3.28
2003 ,6,-0.56,-0.06,-1.6,-6.17,,,,,,,0.17,,,,14.08,4.12,11.63,22.41,29.99,-2.89,-0.35,1.22,,-1.53,0.22,-1.16,-1.02,-0.12,-4.41,,4.94,0,-4.11,-1.42,,,,8.55,-1.74,7.92,1.66,-1.65,-4.17
2003 ,7,-0.98,-2.23,-0.8,-5.04,,,,,,,1.16,,,,3.4,2.51,-3.39,13.39,20.69,-20.23,-0.46,1.3,,-1.75,0.33,-1.11,-1.03,-0.3,-4.37,,7.76,0,-4.11,-1.24,,,,8.81,-0.93,7.92,1.11,-1.4,-4.34
2003 ,8,-0.59,-1.62,-1.43,-6.32,,,,,,,2.58,,,,16.4,2.64,-0.78,20.28,15.01,-18.26,0.66,0.88,,-2.03,0.76,-1.11,-1.08,-0.41,-4.77,,8.6,0,-4.11,-1.12,,,,10.57,-0.14,8.01,1.39,-1.24,-2.57
2003 ,9,-0.21,0.36,-1.13,-5.37,,,,,,,3.32,,,,-4.12,3.85,16.57,14.13,25.43,8.57,0.15,0.9,,-2.1,0.77,-1.18,-1.08,-0.28,-4.68,,9.68,0,-4.11,-1.23,,,,8.84,-0.01,0.16,1.88,-1.12,-1.03
2003 ,10,-0.06,1.72,-0.2,-3.88,,,,,,,3.99,,,,3.92,2.5,23.3,13.09,29.18,25.08,-0.22,0.92,,-1.81,-1.72,-0.87,-1,-0.4,-3.43,,4.79,0,0,-0.94,,,,4.3,0.3,0.16,1.55,-1.29,-0.49
2003 ,11,-0.47,0.04,0.3,-2.58,,,,,,,3.56,,,,-0.52,1.55,6.24,12.34,19.62,4.57,0.84,1.19,,-1.93,0.31,-0.82,-0.99,-0.61,-2.68,,2.9,0,0,-0.35,,,,-0.28,0.36,0.37,1.6,-1.43,0.46
2003 ,12,-0.06,1.25,-0.07,-3.71,,,,,,,3.85,,,,6.16,1.95,0.06,2.92,8.17,-4.16,1.65,3.84,,-1.1,-0.26,-0.79,-0.89,0.04,-1.68,,3.12,0,0,-0.31,,,,0.46,0.6,0.37,1.86,-1.52,0.64
2004 ,1,0.01,-1.31,-0.85,-5.28,,,,,,,4.98,,,,4.81,1.93,-23.07,-7.37,3.01,-34.97,0.34,2.07,,-1.4,3.17,-0.45,-0.78,0.54,-1.66,,2.69,0,0,-0.54,,,,2.84,1.18,0.58,1.39,-1.24,1.99
2004 ,2,0.64,2.55,1.41,0.1,,,,,,,4.48,,,,-4.26,2.32,2.44,6.68,17.56,-4.88,-0.22,1.46,,-0.61,3.54,-0.7,-0.84,0.64,-1.92,,2.17,0,0,-0.34,,,,5.38,1.03,1.59,1.58,-1.11,-0.38
2004 ,3,0.89,4.13,2.67,2.22,,,,,,,5.97,,,,5.38,3.72,11.86,3.96,15.4,11.05,-0.54,0.95,,-0.71,2.82,-0.64,-0.74,1.36,-0.53,,0.14,0,0,0.04,,,,0.44,0.17,1.7,1.67,-1.32,-0.77
2004 ,4,0.95,3.05,3.04,4.36,,,,,,,6.21,,,,-3.56,4.09,7.64,-0.64,9.37,7.75,-0.31,1.57,,-0.79,3.25,-0.57,-0.73,2.12,1.84,,-0.74,0,0,1.23,,,,9.98,-0.01,1.85,2.29,-1.07,0.9
2004 ,5,0.91,1.48,1.81,1.9,,,,,,,8.66,,,,3.71,1.49,-2.52,-17.8,4.41,-3.79,-0.94,1.93,,-0.09,2.82,-0.39,-0.73,2.27,4.02,,3.61,0,0,1.02,,,,11.61,1.03,2.16,2.32,0.16,2.01
2004 ,6,1.73,2.9,3.06,3.4,,,,,,,8.43,,,,6.93,0.76,-0.79,-18.93,-2.49,5.17,-0.01,0.35,,1.03,5.52,-0.25,-0.76,2.72,3.98,,6.89,0,0,1.14,,,,11.67,2.59,2.84,2.11,0.29,3.87
2004 ,7,3.33,9.48,1.5,-1.14,,,,,,,9.57,,,,8.99,2.7,51.96,4.09,15.26,62.76,0.61,0.84,,2.22,6.29,-0.21,-0.69,3.15,3.68,,5.69,0,0,1.13,,,,12.22,2.76,2.87,2.31,-0.21,4.28
2004 ,8,2.55,7.11,2.17,-0.46,,,,,,,9.17,,,,-5.95,4.37,22.28,2.26,8.22,27.24,-0.01,0.35,,2.01,6.53,-0.1,-0.6,3.14,5.9,,5.76,0,0,0.91,,,,10.22,1.43,2.79,2.39,0.04,2.01
2004 ,9,2.79,8.18,2.25,-0.99,,,,,,,7.51,,,,16.8,4.41,32.59,8.32,5.38,48.84,-0.05,0.46,,1.93,7.02,-0.07,-0.56,3.32,5.86,,5.52,0,0,1.42,,,,9.95,1.1,2.85,1.48,0.06,0.42
2004 ,10,2.38,6.42,3.3,4.56,,,,,,,7.13,,,,18.64,6.12,13.45,16.55,2.93,18.65,0.56,0.59,,2.14,4.62,0.15,-0.45,4.08,4.2,,9.71,0,0,0.98,,,,13.97,0.99,2.85,1.07,-0.14,0.24
2004 ,11,1.53,3.4,3.56,5.49,,,,,,,6.46,,,,19.3,6.01,-4.07,-10.68,0.74,-9.7,1.01,-0.16,,2.61,2.02,0.29,-0.46,4.7,5.56,,11.86,0,0,0.64,,,,16.76,0.93,3.12,0.76,-0.03,-0.29
2004 ,12,1.62,3.34,4.92,9.31,,,,,,,6.17,,,,17.26,7.04,-0.36,-13.7,-3.04,-6.06,0.4,1.02,,2.53,1.96,0.44,-0.4,5.06,5.82,,11.85,0,0,0.58,,,,15.81,1.17,3.23,1.66,0.25,0.28
2005 ,1,0.49,3.95,5.18,10.52,,,,,,,6.79,,,,15.25,5.43,16.36,-5.22,-6.21,25,0.19,0.63,,2.06,2.47,-0.07,-0.39,4.92,7.05,,7.22,0,0,0.62,,,,9.04,0.62,3.15,1.76,0.36,-0.67
2005 ,2,1.94,2.32,3.44,6.58,,,,,,,9.03,,,,25.12,7.55,4.2,-7.82,-11.71,13.89,-0.74,0.82,,1.48,1.85,0.69,-0.22,4.31,7.1,,6.87,0,0,0.65,,,,5.9,3.06,1.78,1.87,0.48,1.21
2005 ,3,2.3,6.82,2.61,6.11,,,,,,,11.96,,,,24.11,9.72,44.68,0.64,-0.26,80.13,0.67,1.83,,2.24,2.06,0.41,-0.25,3.88,6.43,,9.43,0,0,0.55,,,,8.52,2.17,3,1.19,0.27,-0.14
2005 ,4,1.65,5.57,2.09,3.04,,,,,,,14,,,,27.84,6.75,12.8,-5.51,-4.67,21.45,0.26,0.86,,2.31,-2.25,0.35,-0.19,3.43,5.51,,10.43,0,0,-1.76,,,,7.37,2.11,3.89,0.48,0.25,-1.46
2005 ,5,2.3,8.03,2.8,3.52,,,,,,,8.11,,,,29.64,6.52,35.03,9.15,6.58,51.93,0.98,0.5,,2,1.03,0.48,-0.1,3.25,5.03,,10.53,0,0,-2.17,,,,7.35,1.62,3.52,0.44,-0.15,-1.56
2005 ,6,2.39,8.35,1.64,1.39,,,,,,,6.46,,,,24.78,6.28,42.15,9.32,36.18,43.34,0.22,0.52,,1.82,0.59,0.44,0.01,2.89,4.18,,7.39,0,0,-2.27,,,,7.29,-0.37,5.19,0.25,0.18,-2.63
2005 ,7,2.41,7.57,2.94,5.54,,,,,,,4.37,,,,30.64,4.13,13.5,-0.78,52.64,7.11,-0.43,-0.13,,1.32,-1.06,0.47,0.08,2.67,5.16,,6.58,0,0,-2.61,,,,6.84,2.53,7.58,0.55,0.03,-2.31
2005 ,8,3.57,11.11,3.4,7.15,,,,,,,3.71,,,,54.93,3.41,49.22,1.29,52.33,36.52,-1.45,0.62,,1.54,-1.77,0.52,0.09,2.76,3.67,,7.53,0,0,-2.64,,,,11.7,2.86,9.89,0.93,-0.16,-1.84
2005 ,9,3.16,9.29,3.03,5.74,,,,,,,2.17,,,,24.43,2.56,39.12,11.52,49.72,28.41,-0.28,0.58,,1.33,-1.82,0.48,0.11,3.15,3.68,,7.16,0,0,-3.57,,,,11.9,3.1,9.98,0.98,0.12,-1.35
2005 ,10,2.75,8.51,3.07,3.03,,,,,,,1.91,,,,23.27,1.02,28.58,8.96,30.11,23.34,-1.24,0.5,,1.33,-2.77,0.38,0.05,3.62,4.44,,3.38,0,0,-3.19,,,,8.35,4.01,10.53,1.44,0.29,-1.03
2005 ,11,2.51,7.82,2.58,1.84,,,,,,,2.43,,,,19.46,0.59,27.45,21.67,23.96,31.33,-0.65,1.2,,0.5,-1.23,0.39,0.07,3.48,3.07,,2.56,0,0,-3.37,,,,5.82,4.2,10.21,1.69,0.37,-0.7
2005 ,12,2.21,7.12,2.39,0.97,,,,,,,2.52,,,,8.68,0.87,33.83,23.8,28.56,53.64,-1.27,0.04,,0.2,-2.37,0.33,0.07,2.76,2.15,,2.39,0,0,-3.21,,,,5.82,3.76,10.09,1.11,0.14,-1.17
2006 ,1,2.68,5.84,2.15,1.36,,,,,,,3.02,,,,21.03,2.1,12.37,16.1,29.08,15.51,0.29,0.21,,1.25,-3.98,0.65,0.06,2.42,1.29,,7.48,3.6,0,-3.27,,,,7.63,4.13,10.33,1.13,0.02,-1.19
2006 ,2,0.99,4.78,1.73,-0.86,,,,,,,2.73,,,,15.1,-1.11,2.92,11.02,16.07,-5.94,0.06,-0.11,,1.08,-4.84,0.27,0.08,2.54,3.05,,7.67,3.6,0,-3.12,,,,10.4,2.26,10.36,0.7,0.57,-1.82
2006 ,3,0.41,-0.83,1.59,-0.53,,,,,,,-0.27,,,,12.11,-4.54,-28.27,-1.48,4.71,-40.34,-0.22,-0.16,,0.86,-5.72,0.6,0.15,2.76,2.95,,6.04,3.6,0,-3.13,,,,8.06,3.25,9.08,1.18,0.61,-0.5
2006 ,4,1.22,1.62,1.42,-0.46,,,,,,,-4.49,,,,2.96,-1.94,5.62,14.96,12.17,4.15,0,0.2,,0.72,-4.95,0.63,0.18,2.95,1.4,,5.84,3.6,0,-2.81,,,,9.28,3.53,8.52,1.25,0.57,-0.19
2006 ,5,1.59,2.01,1.05,0,,,,,,,-3.62,,,,2.46,-0.98,4.53,17.12,8.11,5.56,0.18,0.25,,0.61,-6.84,0.62,0.17,3.2,0.9,,7.35,3.6,0,-2.57,,,,15.26,4.05,8.52,1.43,0.75,0.19
2006 ,6,1.73,3.42,1.25,0.41,,,,,,,-2.68,,,,-8.05,-0.35,17.31,11.41,11.22,23.88,0.85,-0.2,,0.62,-6.35,0.67,0.23,4.23,0.11,,7.39,3.6,0,-2.52,,,,15.2,6.28,6.34,1.51,0.52,0.94
2006 ,7,0.78,-1.04,1.12,0.76,,,,,,,-1.97,,,,-8.76,0.69,-1.6,7.42,-3.95,0.14,0.84,0.16,,0.25,-3.25,1.05,0.22,4.59,0.88,,7.41,3.6,3.64,-1.29,,,,18.64,3.43,3.95,1.6,0.42,0.65
2006 ,8,-0.56,-5.04,1.18,0.08,,,,,,,-2.62,,,,-21.7,0.85,-20.35,5.78,-0.59,-20.37,1.65,0.33,,0.32,-3.85,1.16,0.22,5.33,0.23,,10.51,3.6,3.64,-1.5,,,,13.44,3.48,1.76,0.46,0.33,1.13
2006 ,9,-1.24,-6.45,1.54,1,,,,,,,-0.25,,,,-8.58,1.76,-33.13,-15.77,-23.54,-31.5,1.09,0.46,,0.87,-5.08,1.38,0.24,5.25,-0.26,,14.74,3.6,3.64,-0.79,,,,10.19,2.5,1.61,0.89,-0.36,0.62
2006 ,10,-1.19,-6.48,0.28,-0.95,,,,,,,-0.83,,,,-14.69,2.28,-26.32,-22.49,-14.47,-28.08,0.16,0.29,,0.84,-4.35,1.18,0.27,4.49,0.36,,14.76,3.6,1.66,-0.97,,,,7.06,2.05,1.24,2.07,-0.32,0.32
2006 ,11,0.24,-2.19,0.57,-2.12,,,,,,,0.87,,,,-18.49,3.35,-2.86,1.92,-8.08,-2.91,0.17,0.46,,0.46,-1.42,1.13,0.3,4.68,0.66,,13.83,3.6,1.66,-0.72,,,,8.18,1.66,0.94,2.97,-0.32,0.51
2006 ,12,0.68,-1.25,0.08,-0.98,,,,,,,0.66,,,,-15.38,6.86,-2.32,12.51,-5.57,-7.95,0.72,0.54,,0.29,-0.62,1.24,0.33,4.76,2.31,,13.87,3.6,1.66,-0.35,,,,12.48,1.58,0.94,2.59,-0.29,0.54
2007 ,1,0.35,0.64,0.24,-1.79,,,,,,,-0.57,,,,-19.93,6.36,15.11,16.35,-4.94,17.38,1.18,0.37,,0.48,2.31,1.05,0.31,5.04,4.05,,12.35,0,1.66,0.48,,,,6.37,0.48,0.59,2.98,-0.08,-0.93
2007 ,2,1.74,-0.17,-0.37,-2.14,,,,,,,-1.91,,,,-15.42,8.98,13.48,6.09,-1.76,18.29,-0.35,0.67,,0.53,2.87,1.1,0.23,5.27,1.05,,12.35,0,1.66,0.17,,,,4.83,3.21,0.56,3,-0.45,6.25
2007 ,3,0.85,0.25,0.76,-2.16,,,,,,,-2.04,,,,-11.82,6.92,12.66,10.08,-2.15,11.78,0.99,0.14,,0.67,-0.23,1.03,0.18,5.12,3.47,,12.18,0,1.66,0.39,,,,5.57,2.16,0.7,6.86,-0.4,1.82
2007 ,4,0.69,-0.62,0.53,-1.63,,,,,,,-1.03,,,,-2.34,5.39,0.48,1.9,4.29,-1.27,0.22,0.1,,0.39,1.34,1.02,0.16,5.44,3.24,,11.61,0,1.66,1.19,,,,5.95,1.71,0.35,12.17,-0.39,2.1
2007 ,5,-0.02,-2.42,1.34,-1.85,,,,,,,0.46,,,,-1.26,4.59,-18.13,-13.55,-0.84,-29.99,-0.92,-0.1,,0.72,2.48,1.04,0.14,5.48,3.28,,11,0,1.66,0.89,,,,0.77,1.23,0.35,20.82,-0.4,2.05
2007 ,6,0.13,-3.01,2.48,0.48,,,,,,,2.15,,,,3.54,5.93,-20.71,-4.75,-21.49,-23.75,-0.11,-0.08,,0.36,2.61,1.37,0.17,4.75,3.55,,14.42,0,3.64,0.08,,,,2.84,0.64,0.19,20.02,-0.36,2.31
2007 ,7,-0.32,-4.55,3.06,1.18,,,,,,,1.29,,,,6.12,5.5,-28.78,-5,-34.39,-28.15,-0.1,-0.84,,1.93,3.05,1.05,0.17,4.34,3.55,,15.2,0,0,-1.05,,,,4.13,0.59,0.19,21.73,0.36,1.96
2007 ,8,1.61,2.31,2.69,-1.19,,,,,,,4.11,,,,20.13,7.08,2.01,-0.75,-23.55,19.33,-0.64,-1.03,,3.17,4.13,0.91,0.17,3.72,4.4,,10.12,0,0,-0.81,,,,2.73,0.67,0.41,22.41,0.48,1.08
2007 ,9,3.11,7.72,2.91,-1.84,,,,,,,9.04,,,,14.58,5.85,32.36,19.34,10.77,40.27,-0.47,-1.15,,4.57,4.18,0.75,0.16,3.42,5.33,,5.81,0,0,-0.68,,,,2.01,1.14,0.62,22.3,0.55,0.98
2007 ,10,5.33,14.51,4.77,-0.11,,,,,,,9.7,,,,19.06,6.01,77.83,54.66,22.67,96.33,2.14,-0.73,,4.67,6.8,0.8,0.18,3.43,5.25,,5.82,0,0,-0.44,,,,11.19,0.52,0.62,20.8,0.61,1.34
2007 ,11,4.8,12.53,6.83,4.24,,,,,,,8.43,,,,34.86,7.55,52.48,51.38,16.25,63.99,1.24,-1.16,,6.17,2.97,0.84,0.24,3.49,5.7,,5.6,0,0,-1,,,,15.93,1.6,0.87,19.36,0.59,1.1
2007 ,12,3.33,7.44,7.24,3.7,,,,,,,10.05,,,,31.88,4.2,1.23,-9.74,-2.9,-1.85,2.16,-0.64,,6.35,4.4,0.79,0.33,3.58,4.08,,5.21,0,0,-1.08,,,,11.49,1.57,0.88,18.04,0.6,1.44
2008 ,1,2.95,5.23,9.72,5.67,,,,,,,10.64,,,,28.81,4.84,-30.06,-28.57,-9.12,-37.45,1.32,-0.45,,6.15,2.78,0.8,0.43,3.74,4.91,,4.38,0,0,-1.38,,,,17.67,1.56,1.43,17.98,0.26,3.33
2008 ,2,3.87,9.69,10.44,6.91,,,,,,,11.68,,,,32.68,7.39,9.48,-8.95,14.18,16.9,1.3,-0.78,,6.82,1.67,1.3,0.59,3.83,6.16,,4.37,0,0,-1.1,,,,16.24,0.46,1.44,17.47,0.03,1.09
2008 ,3,3.96,9.31,12.07,9.14,,,,,,,12.81,,,,38.25,9.2,0.08,-12.95,15.65,3.93,1.54,-0.57,,7.6,4.4,1.11,0.6,4.77,6.49,,4.53,0,0,-1.12,,,,14.46,1.21,1.34,14.09,0.1,1.17
2008 ,4,3.88,9.7,13.27,9.72,,,,,,,15.86,,,,26.1,10.07,-11.02,-15.92,-6.51,-8.25,3.5,-0.06,,9,0.86,1.2,0.64,5.21,8.04,,4.46,0,0,-1.24,,,,14.91,1.79,1.31,9.17,-0.04,2.32
2008 ,5,3.71,9.3,13.64,11.35,,,,,,,18.17,,,,22.95,12.26,-0.93,3.02,-11.03,9.57,5.63,-0.1,,9.3,1.88,1.21,0.67,5.05,8.19,,5.29,0,0,-0.56,,,,15.04,1.01,1.36,1.14,-0.08,2.47
2008 ,6,4.97,11.88,13.36,9.44,,,,,,,21.9,,,,35.28,14.03,-5.09,-13.86,-7.79,-4.33,5.85,0.15,,10.18,1.43,1.74,0.67,4.95,10.19,,17.52,0,-0.01,0.69,,,,23.23,0.85,1.44,1.58,-0.12,3
2008 ,7,5.8,13.6,13.84,10.09,,,,,,,24.7,,,,22.36,15.81,10.17,-16.8,-4.35,16.52,6.24,0.3,,8.99,0.34,2.01,0.68,5.25,9.63,,18.04,0,1.97,0.8,,,,23.27,2.14,1.49,0.76,-0.4,5.39
2008 ,8,4.68,10.23,13.67,12.05,,,,,,,21.59,,,,17.53,16.77,5.11,-6.46,-9.59,2.84,7.72,0.28,,7.98,-0.72,2.01,0.71,5.29,9.79,,17.87,0,1.97,1.12,,,,17.14,1.87,1.47,0.75,-0.31,5.7
2008 ,9,3.1,5.64,13.07,11.98,,,,,,,12.85,,,,14.73,17.32,-16.06,-17.32,-24.75,-14.89,7.81,1.18,,6.38,-0.7,2.05,0.73,5.21,10.3,,17.53,0,1.97,0.8,,,,10.56,2.19,1.31,0.71,-0.14,4.99
2008 ,10,2.39,5.55,11.7,11.15,,,,,,,11.18,,,,14.24,16.96,2.06,6.53,-5.57,2.62,6.99,1.48,,6.27,0.77,2.18,0.69,4.49,10.13,,16.88,0,6.08,0.64,,,,-6.01,2.49,1.17,0.54,-0.13,4.56
2008 ,11,1.93,6.93,7.44,5.21,,,,,,,10.24,,,,0.67,13.22,15.08,-4.14,4.82,31.45,6.73,1.59,,5.72,0.29,1.8,0.57,3.63,10.13,,10.17,0,6.08,1.53,,,,-24.21,1.41,1.01,2.07,-0.39,3.89
2008 ,12,1.26,6.6,9.11,8.05,,,,,,,8.42,,,,10.53,11.79,17.29,9.77,20.56,23.77,6.2,1.22,,5.31,-3.11,1.06,0.39,2.67,9.78,,-3.35,0,6.08,1.54,,,,-30.44,0.56,0.96,2.81,-0.52,2.71
2009 ,1,1.47,5.29,6.16,7.99,,,,,,,8.13,,,,4.07,14.93,16.8,14.63,16.42,14.91,6.5,1.64,,4.7,-3.06,1.08,0.19,1.68,8.12,,-7.15,0,6.08,-0.69,,,,-26.61,2.09,0.31,2.01,-0.43,4.47
2009 ,2,-1.34,0.73,6.68,7.98,,,,,,,6.64,,,,6.56,6.26,-25.56,-5.17,-13.51,-34.56,7.84,2.07,,3.72,-2.7,0.24,0.02,0.92,7.13,,-4.24,0,6.08,-3.1,,,,-23.89,-2.37,0.69,1.94,-0.42,-4.51
2009 ,3,-0.15,2.46,3.68,6.64,,,,,,,3.88,,,,0.28,6.09,4.63,10.03,-13.65,12.64,5.92,1.92,,2.9,-2.8,0.42,-0.04,-1.12,5.3,,-4.53,0,6.08,-3.25,,,,-22.16,-2.05,0.67,0.74,-0.43,-0.18
2009 ,4,-0.46,1.49,3.09,5.38,,,,,,,0.42,,,,10.5,5.81,7.03,11.49,-9.32,17.2,4.6,1.89,,1.91,-1.05,0.18,-0.12,-2.56,4.61,,-6.6,0,6.08,-3.28,,,,-19.14,-2.3,0.58,0.68,-0.44,-1.1
2009 ,5,-0.09,3.02,2.88,5.53,,,,,,,-0.92,,,,6.44,4.65,6.84,-7.52,-5.12,15.54,3.83,2.11,,1.04,-1.72,0.01,-0.19,-3.01,4.39,,-8.32,0,6.08,-3.42,,,,-17.33,-0.92,0.53,0.14,-0.79,-1.87
2009 ,6,-1.98,-2.28,1.43,4.31,,,,,,,-5.66,,,,-3.65,3.13,-11.17,-1.44,-5.39,-16.08,3.12,-1.8,,0.16,-2.3,-0.44,-0.28,-3.32,3.74,,-19.82,0,8.7,-3.73,,,,-19.09,-1.97,1.85,0.28,-0.77,-4.06
2009 ,7,-2.34,-2.65,-0.17,3.12,,,,,,,-6.78,,,,-0.78,2.41,-8.83,1.63,-2.54,-12.57,2.23,-2.53,,-0.2,-1.53,-0.65,-0.33,-3.73,2.5,,-16.29,0,5.75,-3.78,,,,-21.31,-4.32,1.77,0.39,-0.89,-4.81
2009 ,8,-0.82,1.38,-0.75,2.44,,,,,,,-3.95,,,,2.44,2.12,13.97,3.26,5.07,11.15,1.22,-2.57,,-0.44,-0.75,-0.7,-0.37,-4.01,1.68,,-15.68,0,5.75,-3.99,,,,-14.91,-3.71,1.57,-0.57,-1.28,-4.53
2009 ,9,-0.89,1.27,-0.53,3.96,,,,,,,-1.68,,,,1.07,1.89,7.92,11.07,11.24,-5.47,0.6,-3.54,,-0.86,-0.7,-1.8,-0.44,-3.77,0.67,,-12.81,0,-6.55,-3.29,,,,-7.64,-4.15,1.57,-1.33,-1.95,-3.98
2009 ,10,-1.9,-4.55,-0.68,2.51,,,,,,,-1.05,,,,-4.98,2.09,-29.63,-35.23,-12.05,-34.18,0.75,-4.73,,-1.21,1.78,-1.22,-0.46,-3.41,0.18,,-12.26,0,-0.54,-3.31,,,,4.22,-3.48,1.31,-1.54,-2.12,-4.5
2009 ,11,-1.61,-6.51,1.05,4.29,,,,,,,-0.95,,,,-6.68,2.43,-41.03,-40.05,-11.62,-49.69,2.62,-4.83,,-1.55,0.95,-0.83,-0.42,-3.03,-0.13,,-3.56,0,-0.54,-3.08,,,,32.25,-3.91,1.34,-2.29,-1.95,-3.98
2009 ,12,-0.25,-3.52,-1.08,1.2,,,,,,,-0.8,,,,-9.48,1.85,-26.09,-11.07,-10.03,-33.97,2.08,-4.94,,-1.34,2.91,-0.25,-0.38,-2.27,-0.32,,9.91,0,-0.54,-2.95,,,,42.68,-2.6,1.53,-2.17,-1.9,-3.59
2010 ,1,0.26,-0.2,-0.23,0.54,,,,,,,-0.31,,,,-3.59,0.27,0.1,-3.66,-6.39,1.33,0.88,-5.74,,-1.1,4.04,-0.17,-0.22,-1.7,0.03,,18.83,-3.33,-0.54,1.97,,,,36.66,-3.35,1.66,-1.15,-1.87,-6
2010 ,2,2.35,1.61,-1.73,-2.62,,,,,,,2.38,,,,-9.39,10.91,12.77,2.46,5.68,18.36,1.23,-6.06,,-0.51,4.34,0.45,-0.19,-1.32,0.02,,15.44,-3.33,-0.54,4,,,,25.71,2.19,1.3,-1.31,-1.63,4.48
2010 ,3,1.27,0.91,-0.6,-1.46,,,,,,,0.96,,,,-19.72,6.14,5.42,6.55,10.48,5.01,2.19,-5.23,,-0.91,3.49,0.27,-0.12,0.03,0.35,,15.62,-3.33,-0.54,4.85,,,,23.15,0.44,1.24,-0.46,-1.63,-0.55
2010 ,4,1.34,1.32,-0.7,-1.43,,,,,,,1.18,,,,-12.89,6.77,3.42,2.18,12.12,-1.73,1.89,-5.9,,-0.36,0.7,0.48,-0.04,0.79,0.53,,18.25,-3.33,-0.54,4.89,,,,19.04,0.73,1.38,-0.08,-1.62,0.17
2010 ,5,0.76,-0.37,-1.88,-3.28,,,,,,,1.88,,,,-8.38,7.53,-3.14,-6.88,12.12,-14.9,2.73,-5.98,,-0.03,0.59,0.56,-0.02,1.45,0.51,,18.32,-3.33,-0.54,4.83,,,,15.72,0.35,1.37,0.26,-1.32,0.79
2010 ,6,1.2,1.65,-1.08,-1.75,,,,,,,3.52,,,,-9.07,7.86,12.74,-2.05,13.06,10.34,1.6,-1.85,,0.19,1.9,0.53,-0.01,1.49,1.14,,16.41,-3.33,-0.79,4.97,,,,4.79,1.72,-0.32,0.81,-1.41,1.59
2010 ,7,1.32,2.2,-0.27,-0.3,,,,,,,2.85,,,,-10.86,7.43,12.4,-0.96,11.69,13.83,2.33,-1.03,,0.26,2.95,0.4,0.03,1.35,1.49,,9.13,0,0.35,5.26,,,,3.06,3.44,-0.34,-0.03,-1.29,3.2
2010 ,8,-0.48,-3.31,-0.48,-0.52,,,,,,,0.29,,,,-15.57,5.63,-24.86,-10.36,-0.45,-27.22,2.45,-1.34,,0.24,3.26,0.3,0.02,1.5,2.09,,7.21,0,0.35,5.6,,,,1.91,2.9,-0.31,1.01,-1.21,2.49
2010 ,9,0.3,-2.03,0.15,-0.6,,,,,,,1.17,,,,-15.47,6.4,-10.84,-8.51,-0.06,-7.66,3.69,-1.58,,0.39,3.97,1.43,0.15,1.27,2.35,,4.95,0,13.56,5.12,,,,1.85,3.5,-0.27,3.83,-0.65,3.01
2010 ,10,0.57,0.24,-0.05,-1.02,,,,,,,2.18,,,,-14.18,6.37,0.86,17.04,0.55,-6.74,2.73,-1.53,,0.44,-0.96,0.37,0.18,1.19,2.36,,6.29,0,0.09,5.17,,,,3.65,3.49,-0.01,4.29,-0.55,3.62
2010 ,11,1.52,3.64,-0.82,-1.8,,,,,,,3.46,,,,-2.06,7.54,26.21,29.34,2.6,29.8,1.73,-1.09,,0.92,1.83,0.34,0.27,1.32,2.61,,1.73,0,0.09,4.64,,,,0.34,3.95,-0.01,4.68,-0.47,3.57
2010 ,12,1.24,2.17,0.44,-2.26,,,,,,,3.87,,,,-8.09,8.29,1.59,-9.33,-2.12,7.47,2.52,-1.35,,0.78,1.51,0.61,0.34,1.32,3.35,,3.89,0,0.09,4.37,,,,2.69,3.55,-0.21,5.83,-0.48,3.65
2011 ,1,1.1,2.01,0.82,-2.53,,,,,,,3.81,,,,0.72,12.73,3.74,-3.76,5.75,13.17,2.83,-1.21,,0.74,1.09,0.45,0.33,1.5,3.94,,0.18,3.44,0.09,1.62,,,,3.33,3.43,-0.36,6.26,-0.55,4.36
2011 ,2,1.32,2.7,2.61,1.62,,,,,,,4.1,,,,-2.29,6.1,1.71,0.15,6.36,-0.35,3.65,-0.75,,0.63,2.18,0.51,0.3,1.68,4.63,,-1.4,3.44,0.09,1.97,,,,8.16,2.18,-0.28,6.66,-0.46,1.01
2011 ,3,1.4,1.87,1.64,-3.17,,,,,,,4.5,,,,4.62,7.02,-13.84,-13.45,-1.27,-23.58,2.38,-1.05,,1.09,2.95,0.58,0.31,2.17,4.75,,0.28,3.44,0.09,1.49,,,,11.8,3.14,-0.35,7.25,-0.48,2.77
2011 ,4,1.3,1.84,2.44,0.08,,,,,,,5.01,,,,1.34,6.72,-8.38,-7.88,-0.33,-17.2,2.33,-0.47,,1.11,2.79,0.65,0.29,2.32,4.87,,1.41,3.44,0.09,1.44,,,,9.24,3.14,0.32,6.39,-0.29,1.75
2011 ,5,1.66,2.79,4.69,4.76,,,,,,,4.59,,,,-2.35,7.63,0.77,10.23,-2.87,3.52,2.22,-1.34,,1.21,3.63,0.74,0.34,2.12,6.15,,1.58,3.44,0.09,1.75,,,,7.89,2.93,0.33,6.85,-0.12,0.88
2011 ,6,1.94,3.35,5.55,4.87,,,,,,,3.33,,,,9.2,6.17,-7.79,1.21,-6.93,-6.7,3.04,-1.11,,1.61,3.73,0.87,0.36,2.44,5.98,,3.68,3.44,0.35,1.58,,,,10.72,2.84,0.62,7.03,0,2.19
2011 ,7,1.33,1.67,5.57,2.91,,,,,,,5,,,,11.67,5.31,-10.82,-6.5,-6.85,-13.65,3.38,-1.13,,1.62,3.5,0.98,0.44,2.73,6.92,,5.93,0,0,1.02,,,,9.73,1.84,0.68,7.23,0.1,1.42
2011 ,8,1.35,1.59,5.42,1.32,,,,,,,3.91,,,,9.46,5.37,-6.73,-4.25,-2.77,-10.07,2.55,-0.92,,1.74,2.23,1.16,0.46,2.72,6.41,,7.73,0,0,1.06,,,,7.45,1.64,0.71,7.08,0.09,1.56
2011 ,9,1.37,1.88,5.51,3.35,,,,,,,3.9,,,,21.57,4.3,-6.65,-4.62,-7.84,-6.64,2.72,-0.61,,1.79,1.18,1.11,0.42,2.63,6.53,,8.13,0,0,0.85,,,,8.37,1.61,0.77,4.8,0.09,0.69
2011 ,10,1.25,1.03,5.33,5.89,,,,,,,3.6,,,,25.43,5.11,-14.76,-19.37,-13.17,-6.9,2.82,-0.02,,2,8.67,1.15,0.45,2.94,6.37,,7.82,0,0,0.59,,,,5.38,1.21,0.7,4.41,0.02,0.6
2011 ,11,1.03,1.11,6.43,5.42,,,,,,,3.01,,,,19.58,5.24,-13.06,-24.58,-10.81,-10.28,3.44,0.4,,1.78,3.53,1.16,0.36,2.95,7.04,,9.02,0,0,0.29,,,,4.45,0.79,0.83,4.25,-0.07,0.27
2011 ,12,2.03,5.38,5.89,6.73,,,,,,,1.89,,,,29.56,6.85,48.07,45.89,7.71,77.33,2.49,0.61,,1.96,3.82,0.94,0.34,2.67,6.53,,6.71,0,0,1.01,,,,1.76,0.88,0.83,2.72,0.05,0.32
2012 ,1,2.36,4.54,3.96,3.39,,,,,,,1.14,,,,14.68,3.9,42.02,63.38,13.11,50.56,1.95,-0.08,,2.15,2.17,1.24,0.35,2.32,5.64,,6.54,0,0,1.04,,,,-0.87,2.48,1.04,2.23,0.06,1.45
2012 ,2,0.24,2.13,3.62,3.42,,,,,,,-2.48,,,,13.82,0.08,27.78,31.79,8.24,40.71,1.29,0.32,,1.99,1.56,0.73,0.43,2.09,5.18,,11.2,0,0,1.5,,,,0.53,-1.87,0.86,1.34,-0.36,-2.89
2012 ,3,1.25,3.1,3.89,7.77,,,,,,,-2.96,,,,17.36,3.96,30.73,20,7.43,48.12,0.85,-0.38,,1.98,1.86,1.09,0.48,1.11,4.62,,13.07,0,0,1.08,,,,-0.87,-0.31,0.97,0.54,-0.15,1.76
2012 ,4,1.44,2.12,2.92,5.18,,,,,,,-3.95,,,,4.85,5.8,14.99,14.49,1.44,25.28,1.09,-0.96,,1.84,6.37,0.94,0.5,0.7,4.19,,9.7,0,0,1.02,,,,6.26,-0.11,0.24,1.53,-0.34,2.76
2012 ,5,1.75,3.77,1.92,2.27,,,,,,,-4.41,,,,14.41,4.66,25.34,17.74,8.01,44.44,0.32,0.35,,2.37,2.83,0.83,0.56,0.52,3.18,,8.05,0,0,0.37,,,,5.09,-0.32,0.3,0.91,-0.34,4.25
2012 ,6,1.77,4.4,0.84,1.46,,,,,,,-2.71,,,,9.39,5.12,30.52,20.8,12.92,44.3,-0.03,-0.18,,2.42,2.34,1.08,0.63,0.45,2.56,,5.3,0,3.13,0.02,,,,2.1,-0.18,0.48,0.81,-0.33,3.46
2012 ,7,2.46,6.3,1.64,3.22,,,,,,,-2.65,,,,3.79,4.54,32.77,31.6,19.87,35.8,-0.56,0.22,,2.54,1.72,1.17,0.66,0.53,1.6,,3.79,0,4.49,0.17,,,,4.33,0.03,0.48,0.72,-0.36,2.56
2012 ,8,3.42,8.69,2.54,4.5,,,,,,,-2.79,,,,10.03,4.98,58.01,41.47,26.12,70.35,0.03,0.73,,2.48,3.42,1.27,0.71,0.86,1.82,,7.24,0,4.49,0.05,,,,11.09,0.2,0.43,0.28,-0.16,2.41
2012 ,9,2.96,6.54,1.57,2.78,,,,,,,-3.23,,,,1.09,4.71,26.27,37.83,25.54,28.56,-0.26,0.11,,2.56,4.61,1.45,0.77,1.02,1.97,,8.73,0,4.49,0.47,,,,12.35,-0.1,0.33,0.24,-0.32,2.4
2012 ,10,2.34,4.24,1.47,1.4,,,,,,,-2.33,,,,3.38,3.37,11.56,31.98,25.66,1.76,1,1.02,,2.34,3.93,1.39,0.8,1.04,2.15,,7.55,0,3.75,0.6,,,,11.61,-0.65,0.7,0.86,-0.25,2.63
2012 ,11,1.59,2.27,1.18,3.51,,,,,,,-1.52,,,,-1.34,3.3,-5.78,25.95,17.13,-14.24,-0.41,0.03,,2.65,1.58,1.32,0.8,1.02,1.81,,7.49,0,3.75,0.85,,,,8.07,-0.31,0.69,1.14,-0.17,1.6
2012 ,12,1.61,1.86,1.14,1.8,,,,,,,0.51,,,,-2.6,1.29,-9.7,-3.5,11.75,-14.95,0.23,-0.07,,2.45,1.88,1.34,0.79,1.25,2.19,,7.33,0,3.75,0.21,,,,9.81,-0.13,0.75,2.78,-0.05,1.31
2013 ,1,1.12,2.37,2.27,4.62,,,,,,,1.82,,,,-3.51,-1.63,-3.03,-6.17,6.84,3.7,0,1.07,,2.35,4.14,1.04,0.81,1.18,2.33,,7.34,0,3.75,0.43,,,,11.01,-2.1,0.68,1.52,0.02,-0.21
2013 ,2,2.97,2.9,2.07,4.94,,,,,,,4.32,,,,0.34,4.4,-6.13,6.8,4.51,-3.53,-1.23,0.36,,2.16,4.97,1.32,0.83,1.1,2.45,,4.3,0,3.75,-0.45,,,,12.7,3.39,0.87,2.53,0.37,8.5
2013 ,3,1.35,1.23,2.06,5.3,,,,,,,4.44,,,,2.4,1.9,-16.35,-0.7,8.43,-19.63,0.81,0.36,,2.38,6.14,1.21,0.82,1.39,2.8,,2.08,0,3.75,-0.65,,,,7.94,0.77,0.83,3.2,0.17,-0.1
2013 ,4,1.05,2.32,1.92,2.49,,,,,,,5.09,,,,6.16,1.02,8.25,8.39,17.65,12.35,0.51,0.5,,2.25,-2,1.22,0.79,1.51,3.13,,4.08,0,3.75,-0.44,,,,-2.39,0.62,0.92,1.85,0.23,0.28
2013 ,5,0.74,1.49,1.41,2.35,,,,,,,4.79,,,,-4.43,0.88,7.83,7.01,18.37,4.62,0.15,-0.07,,1.66,-1.22,1.22,0.71,1.64,2.71,,5.62,0,3.75,-0.55,,,,-0.83,0.41,0.89,2.56,-0.01,-1.02
2013 ,6,0.6,0.47,1.51,3.19,,,,,,,4.05,,,,-8.82,0.6,5.15,-0.32,25.31,9.46,-0.23,0.39,,1.38,-0.26,0.87,0.64,1.33,3.23,,5.9,0,1.31,-0.28,,,,3.37,0.1,0.7,2.68,-0.13,-0.36
2013 ,7,0.06,-1.28,0.76,2.2,,,,,,,3.38,,,,-5.64,2.02,-3.12,-6.77,24.61,0.08,0.41,0.86,,1.09,0.96,0.74,0.59,1.43,2.48,,7.02,0,0,0.03,,,,3.54,0.51,0.7,2.81,0.04,0.04
2013 ,8,-0.78,-3.4,0.09,3.41,,,,,,,4.24,,,,-8.67,2.62,-23.75,-15.94,6.05,-24.05,-0.96,-1.51,,0.89,0.14,0.62,0.61,1.09,2.07,,3.59,0,0,0.47,,,,-0.69,0.29,0.77,2.97,-0.1,0.23
2013 ,9,0.85,2.37,0.81,4.71,,,,,,,4.76,,,,-5.31,3.96,27.92,-1.84,27.18,34.99,-0.12,-0.89,,1.03,0.54,0.52,0.56,1.1,2.33,,2.22,0,0,0.71,,,,-0.21,-0.09,0.77,2.7,-0.14,1.88
2013 ,10,0.64,2.93,1.19,4.98,,,,,,,4.9,,,,-10.09,4.36,26.25,8.86,22.74,43.06,-0.71,-1.23,,1.27,-4.94,0.61,0.51,0.88,2.28,,1.78,0,2.56,0.45,,,,-1.07,0.54,0.53,1.15,-0.17,0.14
2013 ,11,0.68,2.7,1.75,5.84,,,,,,,4.47,,,,-4.24,4.03,19.33,0.52,12.82,31.46,0.32,-0.75,,1.08,-2.93,0.77,0.57,0.98,2.61,,3.98,0,2.56,0.31,,,,0.03,0.68,0.48,1.65,-0.26,0.23
2013 ,12,0.34,1.34,1.79,6.75,,,,,,,5.43,,,,-6.59,5.95,-7.14,-10.56,1.99,-14.84,0.43,-0.01,,1.08,-2.39,0.85,0.66,1.16,1.99,,3.97,0,2.56,0.11,,,,1.37,0.37,0.57,0.74,-0.41,-0.09
2014 ,1,0.82,0.99,0.42,4.72,5.49,-1.04,1.89,-2.36,-1.33,-1.27,5.95,1.74,6.11,12.07,-2.65,9.12,-19.35,-17.19,-4.25,-30.79,0.27,0.13,0.15,1.48,-0.41,0.77,0.66,1.47,2.25,0.24,0.99,0,2.56,-1.25,-1.43,-0.74,1.49,1.07,1.61,0.55,1.64,-0.32,2.05
2014 ,2,-0.04,2.59,1.74,4.86,5.2,2.15,1.46,0.88,-1.78,-1.43,6.38,1.53,4,14.23,-3.46,4.54,-5.74,-12.81,-0.3,-13.4,2.49,0.19,-0.09,1.86,-0.15,0.7,0.64,1.39,2.16,0.24,1.81,0,2.56,-0.64,-0.78,-0.04,0.12,-2.04,-0.75,0.44,2.28,-0.7,-3.68
2014 ,3,1.61,5.67,2.14,3.63,3.76,2.73,2.28,2.94,-1.09,-1.02,13.08,14.04,5.38,15.69,4.87,8.83,14.52,5.47,4.58,9.78,1.93,0.13,-0.32,2.44,-1.03,0.71,0.69,1.42,1.62,0.24,1.21,0,2.56,-0.41,-0.54,-0.03,1.51,0.75,1.07,0.4,1.83,-0.7,0.78
2014 ,4,1.66,5.15,2.71,6.1,6.47,0.15,5.21,1.1,1.47,-0.63,13.8,14.83,7.68,16.1,0.77,8.39,-0.34,-2.61,4.02,-3.58,2.7,0.06,-0.3,3.27,1.79,0.75,0.74,1.19,1.49,0.24,0.52,0,2.56,-0.66,-0.79,-0.3,1.48,1.94,0.54,0.46,2.2,-0.62,1.08
2014 ,5,1.62,4.32,3.03,6.94,7.82,0.4,3.85,1.53,1.09,-2.38,13.94,15.79,8.13,15.19,8.49,8.89,-7.52,-7.59,8.22,-11.53,2.87,-0.71,0.69,3.81,2.31,0.75,0.75,1.16,0.6,0.24,1.67,0,2.56,-0.35,-0.43,-0.23,1.54,3.17,1.01,0.51,1.2,-0.31,1.65
2014 ,6,1.64,3.8,2.37,3.91,4.9,0.2,3.87,1.72,2.16,-1.22,12.18,15.48,7.07,10.91,18.18,8.31,-2.04,0.05,0.31,-4.37,3.55,-1.06,0.22,3.99,2.68,1.16,0.77,1.16,0.72,0,2.6,0,5.69,-0.28,-0.35,-0.17,1.43,3.76,1.18,0.53,1.63,-0.27,1.63
2014 ,7,1.76,4.28,1.36,3.83,5.78,-2.17,3.39,0.56,-0.4,-2.11,12.64,17.52,8.56,9.11,18.9,7.32,-1.48,2.26,-8.62,1.26,2.94,-1.08,-0.58,4.26,3.07,1.2,0.74,1.08,-0.06,0.61,2.79,0,5.69,-0.27,-0.29,-0.39,1.23,1.69,1.73,0.52,1.62,-0.33,0.55
2014 ,8,2.08,5.59,2.89,4.41,4.89,1.28,4.43,2.45,2.23,1.09,11.99,17.57,7.62,7.51,19.24,5.66,11.09,-0.15,0.52,19.36,5.16,1.51,-0.39,4.55,3.81,1.46,0.78,1.22,0.36,0.61,2.23,0,8.89,-0.55,-0.63,-0.32,0.58,-1.47,2.3,0.46,1.14,-0.17,0.76
2014 ,9,0.71,1.41,2.84,1.92,2.63,1.92,3.51,3.96,2.88,-0.52,11.38,18.28,7.08,4.99,10.98,5,-20.9,-14.42,-6.63,-19.76,4.36,1.15,0,4.44,4.09,1.35,0.78,1.06,-0.03,0.61,0.46,0,8.89,-1.13,-1.44,0.12,1.42,-6.18,2.21,0.41,1.98,-0.33,-0.61
2014 ,10,1.05,3.32,2.81,0.95,1.02,1.22,2.23,4.74,4.61,-0.87,11.44,18.16,10.83,4.29,23.49,5.49,-6.01,-14.24,0,-5.01,3.1,-0.47,-0.81,4.23,1.74,0.85,0.79,1.52,0.72,0.61,0.17,0,2.55,-0.83,-1.21,0.73,1.09,-7.74,1.68,0.36,2.02,-0.51,0.49
2014 ,11,0.86,3.65,2.18,-0.74,-0.56,1.99,5.55,4.4,3.44,-0.53,11.51,17.91,11.04,4.86,8.76,5.7,-1.38,-5.38,8.45,-2.51,3.22,-0.39,-0.08,4.41,1.23,0.6,0.8,1.32,0.33,0.61,-4.62,0,2.55,-0.76,-1.1,0.56,1.79,-11.44,1.72,0.29,1.52,-0.56,-0.02
2014 ,12,0.6,4.32,2.05,-1.46,-1.1,0.85,0.44,5.98,2.71,0.22,9.27,15.05,12.18,2.33,13.25,4.42,11.54,-1.03,11.05,19.58,3.78,-1.12,0.57,4.49,1.46,0.27,0.69,1.16,-0.75,0.36,-9.23,0,2.55,-0.5,-0.79,0.62,1.57,-21.08,1.6,0.18,0.67,-0.59,0.77
2015 ,1,-0.94,4.46,3.1,0.22,0.63,4.77,0.51,7.16,2.78,-0.44,9.49,16.33,9.02,2.52,13.19,1.59,20.19,17.29,12.74,27.37,4.46,-2.2,-0.16,4.01,0.87,-2.17,0.76,0.91,-0.35,0.36,-15.37,0,-24.72,-0.1,-0.41,1.45,0.47,-29.52,-0.14,0.27,1.39,-0.77,-2.5
2015 ,2,-0.2,3.08,0.4,-3.81,-3.76,0.93,-0.79,3.07,4.99,-3.26,9.87,19.21,9.75,-0.08,13.08,7.63,7.65,6.28,8,9.93,1.22,-2.14,-0.63,3.75,0.55,-2.12,0.89,1.01,-0.57,3.68,-18.42,-0.17,-24.72,-0.35,-0.61,0.71,1.74,-28.11,1.85,0.36,-0.14,-0.59,2.53
2015 ,3,-0.61,1.43,1.56,-2.13,-1.53,1.52,0.48,3.31,6.65,0.28,3.97,5.67,8.92,0.69,3.73,3.07,3.48,0.95,6.44,11.5,1.68,-0.75,0.2,2.9,1,-0.43,0.8,1.17,0.27,0.36,-17.55,-0.17,-3.39,0.23,0.18,0.47,0.14,-26.49,-0.05,0.37,-0.01,-0.47,0.63
2015 ,4,-0.82,1.49,1.4,-0.94,0.04,3.49,0.96,3.23,2.86,-0.78,1.2,-0.55,8.55,1.19,1.53,2.1,14.78,3.83,6.13,27.11,0.73,-0.59,-0.14,2.38,-0.83,-1.07,0.82,1.3,-0.13,0.36,-17.43,-3.98,-11.3,1.01,1.19,0.38,-0.31,-25.39,-0.06,0.3,-1.01,-0.42,0.18
2015 ,5,-0.73,0.88,1.89,-0.54,-0.15,5.42,0.82,2.68,5.32,0.26,0.29,-2.03,7.11,0.94,-2.64,0.72,8.7,-4.05,-0.52,15.39,1.46,0.28,-0.32,2.02,-1.92,-0.73,0.82,1.14,1.23,0.36,-21.3,-1.29,-5.84,0.83,0.94,0.42,-0.11,-21.39,0.22,0.22,-0.68,-0.61,0.29
2015 ,6,-0.56,1.87,1.4,-0.9,-1.49,4.9,-0.28,3.17,1.38,-0.31,2.87,-0.25,7.14,5.74,-13.04,0.66,10.32,-6.05,5.96,6.59,1.17,0.13,-0.37,1.67,-1.97,-0.8,0.87,1.33,1.37,0.61,-24.01,-1.06,-4.47,0.93,1.12,0.19,-0.44,-23.19,0.49,0.21,-1.02,-0.33,0.37
2015 ,7,-0.63,1.76,2.98,0.78,0.11,6.37,1.7,4.6,3.83,1.24,2.44,-1.38,5.82,6.55,-11.04,1.03,4.04,-6.13,12.37,-1.43,0.84,0.48,-0.1,1.68,-2.29,-0.73,0.95,1.74,2.58,0,-24.75,1.54,-4.47,0.55,0.68,-0.01,-0.33,-24.75,-0.08,0.3,-0.76,-0.33,0.67
2015 ,8,-0.44,3.07,1.12,-1.75,-2.38,6.6,-0.02,2.63,3.89,-1.32,3.38,0.47,7.16,6.23,-7.36,1.38,14.06,-0.24,19.24,9.88,0.39,-0.51,0.68,1.7,-1.31,-1.11,0.91,1.79,2.13,0,-25.79,0.58,-7.28,0.29,0.43,-0.26,-0.52,-27.41,-0.53,0.27,-0.45,-0.34,0.56
2015 ,9,0.29,5.89,2.39,2.19,1.82,6.17,2.3,2.85,1.35,-0.88,2.68,-0.72,6.43,6.24,0.38,1.55,34.1,12.53,20.58,31.53,-0.06,0.22,-0.72,1.79,-1.29,-1.18,0.95,1.69,1.21,0,-29.18,2.24,-7.28,0.81,1,0.04,-0.19,-27.22,-1.07,0.35,0.09,-0.17,0.08
2015 ,10,0.31,5.12,1.5,1.64,1.75,6.34,4.15,0.68,-0.03,1.4,1.01,-1.87,3.51,4.02,-8,2.15,25.1,16.43,17.02,25.4,2.01,1.51,0.52,1.79,-0.5,-1.33,0.92,1.7,1.33,0,-27.71,2.15,-11.03,1.23,1.44,0.35,0.03,-23.34,0.62,0.38,0.95,0.12,0.32
2015 ,11,0.54,5.26,1.52,1.93,1.25,5.58,2.38,1.17,1.16,-2.63,0.97,-1.52,2.82,3.57,8.78,2.46,30.19,27,12.84,36.7,3.03,1.18,-0.09,1.72,-1.02,-1.1,0.94,1.82,1.21,0,-25.35,2.15,-11.03,0.88,1.05,0.23,-0.41,-22.54,0.39,0.37,0.41,0.15,0.66
2015 ,12,0.13,3.01,1.81,2.69,1.88,5.02,2.69,0.16,4.11,-3.86,1.19,0.22,2.72,1.8,2.32,3.07,5.77,21.2,8.87,-1.98,1.59,1.16,-0.3,1.7,-1.42,-0.85,0.96,1.72,2.04,0,-19.87,2.15,-11.03,0.84,0.98,0.2,-0.06,-19.04,-0.41,0.37,1.58,0.06,0.32
2016 ,1,0.81,2.74,2.59,5.13,5.45,2.43,2.53,0.83,3.1,-2.87,-0.84,-1.42,2.66,-1.69,0.51,3.38,6.65,0.16,22.87,1.92,2.49,2.08,0.53,1.77,-1.54,1.58,0.9,1.67,1.32,0.13,-15.34,2.17,21.19,0.64,0.85,-0.38,-0.12,-15.5,0.02,0.71,0.16,0.07,0.84
2016 ,2,2.41,8.48,3.92,9.14,10.19,3.46,3.59,1,2.1,3.77,-2.24,-4.75,3.35,-1.3,0.72,3.16,80.8,38.98,61.3,108.45,3.14,1.25,1.21,1.73,-0.62,1.43,0.78,1.58,1.76,0.12,-19.02,2.34,21.19,0.78,1.06,-0.48,-0.13,-16.75,-0.04,0.86,0.12,-0.07,1.46
2016 ,3,2.01,8.63,1.31,3.79,3.27,3.01,1.42,-0.42,0.35,-0.16,-0.69,-2.49,3.87,-0.29,3.4,3.41,79.16,47.32,44.98,104.73,3.24,1.06,0.42,1.93,0.5,-0.37,0.8,1.25,0.43,0.13,-21.33,4.44,-5.56,0.49,0.75,-0.71,-0.35,-13.22,0.58,0.8,0.39,-0.02,0.34
2016 ,4,1.87,7.96,1.38,2.7,1.81,4.92,0.08,0.93,-0.39,0.73,1.67,1.58,2.8,1.14,7.27,3.36,50.86,46.05,35.17,57.1,3.87,1.17,-0.01,1.61,0.91,-0.47,0.76,1.15,0.94,0.68,-21,8.59,-7.07,-0.15,-0.12,-0.38,0.27,-12.11,0.81,1.4,1.32,-0.09,0.52
2016 ,5,1.23,5.82,1.52,3.5,3.69,2.93,-0.44,0.54,1.03,0.49,3.27,3.09,3.95,3.31,-0.56,4.09,19.97,33.81,28.16,10.99,2.94,1.44,-0.36,1.33,1.11,-0.82,0.78,1.27,0.02,0.68,-18.84,5.63,-12.46,0.05,0.16,-0.47,-0.09,-10.78,0.36,1.4,0.87,-0.06,0.38
2016 ,6,0.9,4.57,2.08,3.79,4.3,3.98,2.33,0.56,2.89,1.02,1.12,1.5,3.93,-0.52,8.4,4.39,1.84,25.73,13.95,-0.06,2.92,1.09,0.85,1.43,0.26,-0.75,0.81,1.24,-0.48,0.68,-14.83,5.33,-11.68,-0.5,-0.37,-1.3,0.22,-7.26,0.37,1.45,0.22,-0.28,-0.87
2016 ,7,1.24,5.53,0.99,1.31,1.64,3.23,1.21,0.32,1.68,-0.48,1.43,2.71,3.84,-1.08,7.42,4.76,16.23,26.63,9.74,20.76,3.12,-0.15,-1.46,1.46,1.21,-0.84,0.78,0.7,-0.57,0.68,-16.03,2.69,-11.68,0.13,0.31,-0.74,-0.2,-6.77,0.14,1.48,-0.6,-0.35,-0.02
2016 ,8,0.56,2.61,0.32,-0.82,-1.33,3.17,1.54,0.12,0.65,0.63,0.57,0.66,4.05,-0.84,0.67,5.33,-3.92,21.76,-0.85,-1.41,2.77,-0.61,-1.8,1.31,1.66,-0.81,0.81,0.54,-0.63,0.68,-15.67,3.67,-11.68,0.58,0.9,-0.88,-1.01,-4.29,-0.03,1.48,0.44,-0.45,-0.17
2016 ,9,0.34,0.86,0.13,-1.22,-2.15,2.69,-2.74,0.43,3.86,-0.38,1.52,1.54,4.39,0.57,-1.33,6.54,-11.17,10.94,-1.66,-12.18,2.62,-0.13,0.03,1.34,2.08,-0.69,0.76,0.83,-0.17,0.68,-10.65,1.98,-11.68,0.04,0.34,-1.26,-1.68,-0.13,0.6,1.41,-0.97,-0.08,0.37
2016 ,10,1.7,5.23,0.09,-1.03,-1.91,3.48,-4.42,0.61,2.91,-2.49,2.49,2.07,4.9,2.29,3.28,6.84,24.2,25.74,18.95,21.1,1.75,0.12,-0.19,1.41,0.99,-0.3,0.83,0.52,-0.41,0.68,-10.37,2.08,-9.66,-0.28,-0.09,-1.08,-1.07,1.85,-0.92,1.37,-0.08,-0.14,0.59
2016 ,11,1.97,6.41,0.66,-0.35,-0.54,2.68,-2.28,0.59,3.45,2.67,1.93,1.45,5.19,1.35,-4.59,5.96,37.53,35.86,12.45,44.31,0.39,0.53,-0.29,1.19,1.09,-0.38,0.8,0.22,-0.87,0.68,-9.67,2.08,-9.66,0.05,0.38,-1.52,-0.45,2.91,-0.95,1.38,1,-0.03,0.41
2016 ,12,1.69,4.45,-0.08,-0.79,-0.92,2.59,-4.6,0.14,1.9,4.42,1.99,2.32,4.53,0.55,-9.12,5.33,16.53,21.09,8.71,13.79,1.05,0.41,0.21,1.28,1.07,-0.39,0.88,0.11,-0.58,0.68,-10.59,2.08,-9.66,-0.12,0.18,-1.56,-0.33,15.48,0.53,1.38,0.29,0.13,0.46
2017 ,1,2.24,2.97,-1.06,-4.54,-5.69,3.05,-3.53,-0.09,2.08,3.44,2.17,3.52,4.39,-0.4,-11,8.68,-7.79,0.86,1.65,-15.59,-0.08,0.49,-0.56,1.61,-0.06,0.01,0.89,0.3,-0.26,3.85,-4.43,2.14,-9.66,0.05,0.31,-1.19,-0.45,27.15,2.14,1.16,1.11,0.18,4
2017 ,2,-0.06,-0.75,-0.14,-3.58,-5.06,3.44,-0.02,1.71,1.22,0.14,1.76,2.11,4.21,0.52,-12.96,1.72,-38,-18.44,-19.62,-47.42,2.3,0.19,-0.23,1.89,0.34,0.06,0.94,0.52,0.51,-2.66,2.84,2.14,-9.66,0.01,0.16,-0.87,0.75,26.43,-1.03,1.26,2.13,0.42,-3.84
2017 ,3,0.18,-1.73,1.54,0.91,1.15,1.56,-0.16,2.69,1.76,-0.53,1.38,2.5,3.54,-0.8,-12.24,4.1,-38.34,-22.08,-16.76,-48.43,0.49,-0.03,0.12,1.97,0.11,0.19,1,0.56,1.32,0.54,5.23,0.08,-9.66,-0.13,-0.13,-0.25,0.69,15.63,1.65,1.82,1.36,0.44,0.5
2017 ,4,0.1,-2.41,1.41,1,1.16,1.79,0.76,2.47,1.07,-1.38,2.19,4.22,3.98,-0.79,-8.19,5.06,-34.53,-23.2,-12.89,-45.09,2.23,0.33,-0.01,1.97,-1.6,0.96,0.99,0.51,0.21,1.21,6.39,0.08,0,-0.05,0.04,-0.67,0.99,12.22,1.83,2.08,0.77,0.35,0.11
2017 ,5,0.59,-0.04,0.35,-2.32,-3.22,1.41,2.03,2.77,-0.27,-0.93,2.53,4.13,3.45,0.49,-2.03,6.58,-15.21,-12.5,-9.99,-18.88,1.88,-0.22,0.38,2.09,-1.42,0.99,0.97,0.41,0.59,1.21,7.46,0.08,0,-0.17,-0.15,-0.66,1.88,2.43,1.93,2.53,1.63,0.35,0.19
2017 ,6,1,2.19,0.51,-0.99,-1.65,1,-1.38,2.89,-0.48,-1.28,2.57,4.17,2.9,0.6,-6.03,5.83,12.95,-5.27,0.19,18.29,2.5,-1.16,-0.34,2.12,-0.1,0.95,0.93,0.32,0.94,1.21,7.46,0.14,0,0.42,0.55,-0.46,2.02,-2.67,1.68,2.5,1.71,0.46,0.6
2017 ,7,0.77,1.22,1.4,0.23,-1.09,0.95,0.43,2.93,0.8,0.14,2,3.92,2.48,-0.68,-13.43,5.01,7.1,-4.71,5.79,8.35,3.44,0.02,1.54,1.91,-0.73,0.89,0.9,0.33,0.87,1.21,8.14,0.08,0,-0.02,0.14,-1.05,1.4,0.09,2.04,2.39,2.42,0.38,0.22
2017 ,8,0.96,1.35,2.64,2.7,1.93,2.49,0.48,4.52,0.35,-1.8,2.64,4.96,1.67,-0.01,-7.35,4.55,8.81,-6.2,9.78,4.92,3.68,1.28,1.23,2.02,-1.59,1.1,0.92,0.27,1.86,1.21,13.83,0.08,0,-0.57,-0.62,-0.73,2.43,5.32,2.09,2.48,1.66,0.58,0.08
2017 ,9,0.49,-0.2,1.2,-0.56,0.04,-1.13,-1.92,4.52,-0.25,-1.43,2.29,4.73,1.46,-0.62,-12.2,3.84,-2.73,-10.47,7.49,-7.58,2.43,0.63,0.48,2.08,-2.13,1.21,0.92,0.47,1.75,1.21,15.79,0.08,0,-0.05,0.01,-0.67,1.75,6.03,1.36,2.48,2.25,0.51,-0.99
2017 ,10,-0.33,-3.86,2.9,3.17,3.78,-0.18,1.9,5.72,-0.78,0.72,2.61,5.54,0.54,-0.44,-12.86,3.55,-25.85,-25.76,-13.06,-25.54,2.73,0.66,0.27,2.05,-1.87,1.29,0.91,0.63,0.88,1.21,19.76,0.1,0,-0.05,-0.02,-0.58,2.39,5.58,1.86,2.68,0.66,0.51,-0.38
2017 ,11,0.34,-2.68,2.52,2.56,3.08,-1.22,1.4,4.83,0.34,-0.82,2.65,4.85,-0.58,1.06,-12.05,4.72,-21.65,-22.67,-4.35,-24.1,1.78,0.86,0.61,2.06,-1.61,1.33,0.89,0.98,1.7,1.21,19.49,0.1,0,-0.76,-1.04,0.17,2.22,13.49,1.84,2.68,-0.16,0.45,0.17
2017 ,12,1.22,0.06,2.92,2.74,3,-0.88,3.37,5.31,-0.02,-1.83,2.85,4.06,0.17,2.51,-9.76,4.66,1.09,-14.45,-2.71,16.13,2.15,1.28,0.53,2.05,-0.47,1.31,0.83,1.3,2.21,1.21,18.41,0.1,0,-0.58,-0.73,-0.22,1.66,6.98,1.48,2.68,0.28,0.49,1
2018 ,1,0.88,0.82,3.11,2.95,3.2,1.07,2.8,5.95,-0.46,-0.28,2.85,2.57,0.86,4.1,-0.28,0.8,25.04,0.83,-5,48.9,3.55,1.12,0.59,1.97,0.78,1.03,0.82,1.26,1.89,-2.01,15.18,0.03,0,-0.55,-0.76,0.08,2.15,7.3,0.36,2.46,0.66,0.53,-3.7
2018 ,2,2.19,0.96,1.81,-0.56,-0.5,0.47,-0.67,4.95,0.43,0.36,3.32,4.11,-0.12,3.84,4.54,7.44,27.61,-0.9,-5.05,39.51,1.49,1.69,0.39,1.89,0.28,1.05,0.74,1.03,1.33,1.21,10.93,0.03,0,-0.93,-1.15,-0.15,0.7,5.44,5.25,2.36,0.08,0.63,2.39
2018 ,3,1.57,1.31,1.63,-1,-1.45,1.02,1.13,4.27,0.77,0.7,2.84,1.74,0.07,5.16,-5.32,5.28,14.59,-0.97,-1.55,14.62,3.14,0.93,-0.18,1.77,0.17,0.95,0.71,0.96,1.27,1.21,6.62,0.03,0,-0.8,-0.99,-0.21,0.99,6.99,2.08,1.83,-0.1,0.47,0.17